"","Comp","Omni.LLR.int","Type","LLR.x","LLR.y","LLR.z"
"1","1",6.44126768827629,"wi",2.04963933481779,1.44340694057613,1.69947969310876
"2","2",-1.56797234819169,"wi",0.61523969168342,-0.123977179819711,0.0935814136215306
"3","3",6.47972607212078,"wi",2.09520415635883,1.31159775421626,1.65538594633681
"4","4",-0.771909740760265,"wi",0.163902971269937,0.710053460626304,0.017938145131013
"5","5",6.2888820261043,"wi",1.99946445685307,1.72332001600553,1.7311421390517
"6","6",2.73653266263788,"wi",1.22996213678719,0.57666954250125,0.783033587354469
"7","7",6.81261309815575,"wi",2.32533435508682,1.46651397622131,1.89433109955795
"8","8",2.68332562655731,"wi",1.33896687671267,0.441539852245155,0.793037763374741
"9","9",6.3481951545435,"wi",1.99403342423704,1.35508745149518,1.66810296849621
"10","10",4.55825647634824,"wi",1.4872928770746,0.893676957002569,1.18756899450026
"11","11",6.76077854834091,"wi",3.069916314243,1.80633604618007,2.54867143416847
"12","12",4.06274014687013,"wi",4.18128802023862,2.87526376022814,3.86325494101451
"13","13",6.31331153309203,"wi",2.3024950889438,2.54082216191589,3.06619539702394
"14","14",-0.65914633510886,"wi",0.778452937139045,0.0526873222790065,0.152806920243758
"15","15",5.88123748679427,"wi",2.44842418421059,3.18594345855304,2.72130200677796
"16","16",6.8610949765767,"wi",2.43712472717219,1.56194790269748,1.91914073855515
"17","17",2.40098740770486,"wi",0.821584369735247,0.907492137517806,0.859974316395251
"18","18",3.94055391405312,"wi",4.1840344321779,2.96527822069517,3.96556566808898
"19","19",3.95358745165018,"wi",1.69673424881894,0.503257054266038,1.00287201638727
"20","20",6.46062063486917,"wi",2.08182619612998,1.58188170366305,1.72456854468768
"21","21",4.71106671201793,"wi",1.31509369710877,1.50941866234203,1.47364109853659
"22","22",5.62474648413157,"wi",1.73220406725896,1.15502412759405,1.39080915408702
"23","23",6.27806252312805,"wi",3.25848492412829,1.00213809833297,1.74013278593927
"24","24",3.73482189510712,"wi",1.60102260283275,0.517066111355445,0.964356824443194
"25","25",5.46555960405724,"wi",1.63785042687078,1.42817978999334,1.36228339115839
"26","26",4.59719187510236,"wi",1.78743345885703,0.638215697033727,1.10495877372697
"27","27",6.7528865187904,"wi",2.48324693989787,1.70803359813904,1.75424796121777
"28","28",3.96464924042173,"wi",1.70748978490735,0.503861429964358,0.988834624349864
"29","29",5.76526552255034,"wi",1.76320566180999,1.22085941948236,1.44505842965058
"30","30",3.08545626119515,"wi",1.29228583379829,0.549334545194097,1.01996582801011
"31","31",6.53427512454699,"wi",2.11349266550238,1.3535387043799,1.70803359813904
"32","32",5.04285210419895,"wi",3.42621839560745,3.24843851059735,3.92671652500088
"33","33",6.67352105426587,"wi",2.28961129607028,1.92776072589238,2.14547503853414
"34","34",4.04993305062478,"wi",1.858966302253,0.396827914712501,1.06094503493835
"35","35",6.14620920327821,"wi",3.44903788870076,1.03606289900727,1.87734065731826
"36","36",5.35585130099967,"wi",1.57631536759861,1.28123935434503,1.42385504333777
"37","37",6.66992800736221,"wi",2.20531399183953,1.58085323557832,1.87473632960079
"38","38",5.83724289632162,"wi",1.93918760329449,0.992547821590909,1.37929492209965
"39","39",6.98157079007082,"wi",2.65535943948396,1.57050995642326,2.17339853361101
"40","40",-6.21409263679919,"wi",-1.60395298220353,-0.00934351500315247,-0.783947544886442
"1100","41",6.89120996875245,"bw",2.37398440002434,1.33713037708852,2.00540472084095
"2100","42",-3.45011990367657,"bw",-2.47313619418908,1.26528424904904,0.117871920594889
"3100","43",0.730852861031992,"bw",2.01518298134958,-9.21034037197618,-9.20787840510526
"4100","44",-6.27453597841783,"bw",-8.78690437854678,-9.21034035963618,-9.21031800222639
"5100","45",-6.29447002386599,"bw",-2.66931037278628,-1.65705376637576,2.06700199028625
"6100","46",-6.76458027208362,"bw",-9.21034036910718,-1.93378396925747,-9.01641967933888
"781","47",0.468488388312615,"bw",-0.44269979471839,1.43772389622625,1.92265614402982
"810","48",-6.50636902945559,"bw",-9.21034035636618,-1.13196226834966,-8.60079221529255
"910","49",-5.81336888851971,"bw",-9.21034037197618,-7.61947384512752,-9.21033596498589
"1010","50",-5.67095763902764,"bw",-9.21034037197618,-9.20982790331068,-9.21034037197618
"1110","51",-5.82200009381155,"bw",-9.21034037197618,-9.21034037197617,-9.21034037197618
"1210","52",-5.82192234000943,"bw",-9.21034037197618,-9.21034037197618,-9.21034037197618
"1310","53",-7.69056912965788,"bw",-9.21034037197618,-3.83044301843572,-1.43506452548932
"1410","54",-5.82193205988449,"bw",-9.21034037197618,-9.21034037197618,-9.21034037197618
"1510","55",-5.82192234000943,"bw",-9.21034037197618,-9.21034037197618,-9.21034037197618
"1610","56",5.9019447728306,"bw",1.75095483566821,1.80222122043865,1.98142896368455
"1710","57",-5.82192234000943,"bw",-9.21034037197618,-9.21034037197618,-9.21034037197618
"1810","58",-6.17619053155138,"bw",-9.21034037153128,-9.06105866926043,-9.21030227270197
"1910","59",-3.52601369646495,"bw",-0.474975970872293,-0.904115155944022,2.03078949297202
"2010","60",-7.26617360965164,"bw",-1.52509676400035,-0.569337894833659,-1.09272962550995
"2110","61",3.65369796678716,"bw",2.43625022667483,-0.150009267326708,1.33634227217724
"2210","62",-5.91381899838043,"bw",-9.21034037197618,-6.59221487840196,-9.01938948848417
"2310","63",5.79035403446461,"bw",1.72171247091602,1.58516571145838,1.64925460180442
"2410","64",-7.20679310053035,"bw",-1.56637842297365,-8.6804182525192,-6.02398773881354
"2510","65",5.19677161949078,"bw",2.44322491079336,0.420090960303484,1.61940804507141
"2610","66",-5.43532171850507,"bw",-9.21034037197618,-9.20028113616229,0.625991905372537
"2710","67",0.77125714915757,"bw",-0.275753501586507,1.50919759947085,1.91118559871059
"2810","68",5.92956172059269,"bw",1.8885987823422,1.1220358036117,1.42529870471312
"2910","69",-5.87992517920753,"bw",-9.21034037197618,-9.21034037196491,-9.21034037197618
"3010","70",-7.60572140774212,"bw",-1.85533845087093,-9.04482593349861,-6.7338019718587
"3110","71",-5.82192234000943,"bw",-9.21034037197618,-9.21034037197618,-9.21034037197618
"3210","72",-6.25860469402549,"bw",-9.21034037013518,-9.19470327119678,-9.21032925203801
"3310","73",-5.48360698683957,"bw",-3.06851804327964,0.608732429417582,-0.700373225651685
"3410","74",-6.98370730559882,"bw",-9.21034037197618,-3.36650614187222,-9.20988807427821
"3510","75",-2.35813316617666,"bw",-3.43703183467137,1.49606762626179,1.509860641532
"3610","76",-5.68587402419538,"bw",-9.17729251792998,-7.35701554708997,-8.85266592770437
"3710","77",2.16251277728989,"bw",0.35914189850252,1.67972860804953,1.90122654142867
"3810","78",-5.77024779410655,"bw",-9.21034037197618,-6.32889724482432,-9.21034037188076
"3910","79",-5.95142094649966,"bw",-9.01576091778673,-6.08182698718837,-8.09848285655805
"4010","80",-6.33853215832617,"bw",-1.31044504883645,-0.236228790862865,-0.782415648318128
"41","81",0.99150469301372,"bw",2.30957063716776,-9.21034037197618,-9.21017188617071
"42","82",-6.36727897886267,"bw",-7.70028090352236,-9.21034037197406,-9.21033927497678
"43","83",-6.24389904579607,"bw",-4.00633368489939,-4.81873476252198,1.94291996863275
"44","84",-6.21218943015251,"bw",-9.21034030762618,-5.22135632541191,-9.18908781594273
"45","85",-3.40710363727378,"bw",-1.47272408911828,0.0807501496851091,2.07932903535124
"46","86",-6.55821855553835,"bw",-9.21034004977624,-4.1043948980756,-9.11915687705359
"47","87",-6.24491942861755,"bw",-9.21034037197618,-9.18671173984647,-9.2103401845762
"48","88",-6.12298546499939,"bw",-9.21034037197618,-9.21033986047631,-9.21034037197618
"49","89",-6.05407183305427,"bw",-9.21034037197618,-9.21034037191683,-9.21034037197618
"50","90",-5.82192234000943,"bw",-9.21034037197618,-9.21034037197618,-9.21034037197618
"51","91",-6.12155600551796,"bw",-9.21034037197618,-7.59372825579408,-0.448790232846538
"52","92",-5.8742865984998,"bw",-9.21034037197618,-9.21034037196607,-9.21034037197618
"53","93",-5.82192234000943,"bw",-9.21034037197618,-9.21034037197618,-9.21034037197618
"54","94",6.57154547602548,"bw",2.14547503853414,1.46003262208171,1.72135488746117
"55","95",-5.83284485928051,"bw",-9.21034037197618,-9.21034037197416,-9.21034037197618
"56","96",-6.0672693197784,"bw",-9.21034037196007,-6.43900243163805,-9.20990516669174
"57","97",2.1554272699523,"bw",0.414821203032189,0.96091987001736,2.08332150487827
"58","98",-3.92188082888232,"bw",-2.72311307877926,1.15785556470875,-0.158644093439598
"59","99",1.45301691728397,"bw",2.42126550366678,-2.63373153685991,0.754289315502183
"60","100",-6.3403670397433,"bw",-9.21034037197618,-9.10553000762384,-8.34745041682914
"61","101",4.43334225614775,"bw",1.17251309650764,1.79990950064626,1.94849252613332
"62","102",-8.65562994494745,"bw",-2.77242873503842,-5.32056297549536,-4.54031921366848
"63","103",6.81274902234953,"bw",2.38509552256653,1.63570976517293,1.93443022039222
"64","104",-4.74416007197033,"bw",-9.21034037197618,-9.21032311212513,1.23608175024356
"65","105",2.52280013649758,"bw",0.571036042164974,1.83499454991258,1.60001364318626
"66","106",2.50639541947942,"bw",2.22787232260212,-0.504843552088443,0.882154669944473
"67","107",-5.82192234000943,"bw",-9.21034037197618,-9.21034037197618,-9.21034037197618
"68","108",-5.83842500389268,"bw",-0.774791169600456,-9.20976083993732,-8.23163837998063
"69","109",-5.82192234000943,"bw",-9.21034037197618,-9.21034037197618,-9.21034037197618
"70","110",-5.76163788666154,"bw",-9.21034037190683,-7.99959058337122,-9.21020098169146
"71","111",-8.51889249165668,"bw",-1.82510944890961,-1.43800879680657,-1.77254525030425
"72","112",-5.8541880034087,"bw",-9.21034037197618,-7.03604329928367,-9.20601772807749
"73","113",-4.06116904637669,"bw",-4.856713211824,0.253944300466922,1.86502542031485
"74","114",-5.83191117636088,"bw",-8.96857135653881,-9.17294825275912,-9.16394354574697
"75","115",4.07262737357883,"bw",1.09630963960543,1.74083452804276,1.57776146957355
"76","116",-5.69742554826973,"bw",-9.21034037197618,-9.07563466912389,-9.21034037197423
"77","117",-7.56897729744069,"bw",-9.18590145009916,-2.59709039079395,-6.66324170193173
"78","118",-5.48437296126584,"bw",0.0199006617063362,-9.21034037189069,-5.20683267642586
"79","119",-1.97527652044829,"bw",0.921517050845737,-9.21031210237577,-8.04095901241987
"80","120",-3.17553587322601,"bw",-9.20998953352719,0.5312751006334,0.362627194098064
"81","121",-5.03748867615109,"bw",-7.99780433698976,0.375761628734722,-2.47171405600202
"82","122",-3.23901795636762,"bw",-9.17719577338388,1.77344273744216,-1.15043203739791
"83","123",-4.21819589283873,"bw",-7.20886037176606,0.84634025917634,-1.67291033538967
"84","124",-6.78668879737173,"bw",-9.21027533409119,-3.7288684623303,-8.63013795043237
"85","125",-6.06195947364555,"bw",-9.21034037197618,-9.02810215198798,-9.21034037173478
"86","126",-5.82192234000943,"bw",-9.21034037197618,-9.21034037197618,-9.21034037197618
"87","127",-5.82192234000943,"bw",-9.21034037197618,-9.21034037197618,-9.21034037197618
"88","128",-6.54095970777126,"bw",-9.21034037197618,-0.84863208340034,-8.11774615563364
"89","129",-5.82192234000943,"bw",-9.21034037197618,-9.21034037197618,-9.21034037197618
"90","130",-5.82192234000943,"bw",-9.21034037197618,-9.21034037197618,-9.21034037197618
"91","131",1.90011596676837,"bw",0.53186278283179,1.12949707224913,0.891629118803294
"92","132",-5.82192234000943,"bw",-9.21034037197618,-9.21034037197618,-9.21034037197618
"93","133",-5.73358227321796,"bw",-9.21034037197618,-9.20974055190421,-9.21034037195569
"94","134",0.0900991116015036,"bw",2.19501101810957,-3.78759542705309,-0.531879032963823
"95","135",-7.25479272562442,"bw",-9.20726111774938,-3.3245141568912,-7.67929652697009
"96","136",-1.52497280010241,"bw",-1.94491064872223,1.34523796412952,1.78071537376573
"97","137",-6.97343312122205,"bw",-9.21034037197618,-2.88633989678279,-9.21033818697857
"98","138",-5.83359231708263,"bw",-6.62936625344195,0.362627194098064,-2.06356819252355
"99","139",-6.23869789662428,"bw",-9.20760312166631,-9.20676975422567,-9.20895633020402
"100","140",-9.0250967089937,"bw",-2.2424311701743,-1.8152328254137,-2.19014966366426
"101","141",-6.68734138633446,"bw",-9.21034037197618,-8.02524462341994,-4.58047757339772
"102","142",3.90146051333044,"bw",2.14172361269757,0.166446207635665,1.08758504481891
"103","143",1.94306892635361,"bw",0.319253411289099,1.76474791998121,1.71974417768492
"104","144",-6.15537197131442,"bw",-9.21034037197618,-9.21034029593619,-9.21034037197618
"105","145",1.11708695104562,"bw",2.44669409493898,-6.0919480856863,-0.358247608499054
"106","146",-5.82192234000943,"bw",-9.21034037197618,-9.21034037197618,-9.21034037197618
"107","147",-5.67791684607945,"bw",-9.21034037197618,-9.21030473261127,-9.21034037197266
"108","148",6.87201691032257,"bw",2.46471244583569,1.65576791001671,2.02036805997332
"109","149",-5.9546634848794,"bw",-9.21034037197618,-0.55809194956708,-9.21034037132318
"110","150",-3.54113283073828,"bw",-9.21025599553597,1.74451061662744,-2.4706487780413
"111","151",-6.33691729280404,"bw",-0.186932169351638,-3.53119217827834,-2.14131694539792
"112","152",4.63416023688785,"bw",1.85521928377081,0.598341873286033,1.11386208387499
"113","153",-7.06837068724831,"bw",-9.21034037197618,-2.62679284679528,-9.2099456498892
"114","154",-6.12932241978775,"bw",-9.21034037178558,-9.01181743584422,-9.21030581257337
"115","155",-1.74276708213395,"bw",-5.57644522619501,1.30130820471321,2.04084363454262
"116","156",-7.15386740458923,"bw",-5.98191033430317,-9.21032726206212,-9.204015416744
"117","157",-4.23196580378575,"bw",-9.21033667498302,-9.21032102216339,1.95757047389502
"118","158",-7.93194229215074,"bw",-3.0795487596471,-9.21034037196945,-9.21026612473258
"119","159",-4.71339087144633,"bw",-9.21032395211099,-9.2103382209785,1.67280700005076
"120","160",-4.22453299862473,"bw",-9.2103403719751,-8.89669819785487,1.88283341612743
"121","161",-7.50370099988383,"bw",-9.21034037197618,-2.64803753119604,-7.18760146566614
"122","162",-5.82192234000943,"bw",-9.21034037197618,-9.21034037197618,-9.21034037197618
"123","163",-5.60300959018782,"bw",-9.21034037197618,-8.98224908093804,-9.21034037197618
"124","164",-5.71020259128537,"bw",-9.21034037197618,-9.20933088168301,-9.21034037196482
"125","165",-5.82192234000943,"bw",-9.21034037197618,-9.21034037197618,-9.21034037197618
"126","166",-5.82192234000943,"bw",-9.21034037197618,-9.21034037197618,-9.21034037197618
"127","167",1.2117023737902,"bw",2.42392623551827,-9.21034037197618,-9.17889015570294
"128","168",-5.82192234000943,"bw",-9.21034037197618,-9.21034037197618,-9.21034037197618
"129","169",-5.82165138026794,"bw",-9.21034037197601,-9.21034037197618,-9.21034037197618
"130","170",-0.731611589150816,"bw",1.36484087190072,-9.21034037197618,-9.20992335893821
"131","171",-7.43944681933843,"bw",-4.54501626316834,-9.21034037197618,-9.2103403719394
"132","172",0.429600248920349,"bw",2.15200635949741,-9.21034024897619,-8.17431295849969
"133","173",-5.70523640668412,"bw",-9.21034037197618,-9.08936244542328,-9.21034037197618
"134","174",-3.983715566153,"bw",0.198112881588964,-9.21034037197618,-9.21033030202688
"135","175",-7.32020621105452,"bw",-4.60517018598809,-9.21034037197618,-9.21034037197618
"136","176",0.750162748297999,"bw",2.05937913064278,-9.21034037197618,-9.21033385999739
"137","177",-6.52140135478492,"bw",-9.21034037197618,-4.60197529509157,-9.21034033642618
"138","178",-0.322567625535399,"bw",1.46720592200037,-9.21034037197618,-9.13796389800061
"139","179",0.69305073444362,"bw",2.43625022667483,-9.21034037167278,-8.30288858876923
"140","180",-3.04279937858865,"bw",-9.21034037197618,2.42922655446129,-9.21028104373614
"141","181",-1.7119057601326,"bw",0.442825116865242,-6.57557796664381,0.97911528500739
"142","182",-5.44530602666595,"bw",-9.21034037197618,-6.65233816711763,-9.21034037197618
"143","183",-5.820699913286,"bw",-9.21034037197539,-9.21034037197618,-9.21034037197618
"144","184",-6.48799024882365,"bw",-0.387281437674536,-9.21034036846318,-3.9460969857619
"145","185",-5.67225926789638,"bw",-9.21034037197618,-9.20967479352267,-9.21034037197618
"146","186",-6.93134842823167,"bw",-6.89050492557561,-9.21034037196673,-9.21033647498378
"147","187",-4.27934597407399,"bw",-7.64736533395242,-8.86201014857301,1.88192004893601
"148","188",0.515509010975695,"bw",1.83961268666344,-9.21034037197618,-9.13864316051515
"149","189",-6.55232232793227,"bw",-9.21034037197618,-9.16972639909093,-0.338273858567841
"150","190",-5.80877971271822,"bw",-9.20919702584555,-9.21034037197618,-9.21034037197618
"151","191",-6.09032903695389,"bw",-9.21034037125248,-8.96951408580967,-9.21027339421924
"152","192",-5.33166101637636,"bw",-1.58474529984373,-8.88789461958811,1.03322006990106
"153","193",-6.25363545935895,"bw",-9.21034008247623,-9.21033584298644,-9.21033991747629
"154","194",-5.37124514688797,"bw",-0.966269101680396,-9.13801040811424,0.523011078629792
"155","195",-4.68982578411993,"bw",-8.28647837460571,-3.25476210343261,2.3933485886409
"156","196",-3.48361317799545,"bw",-9.21034037197618,1.15092006829145,-3.95806694392955
"157","197",-5.82192234000943,"bw",-9.21034037197618,-9.21034037197618,-9.21034037197618
"158","198",-5.81342560120303,"bw",-9.21034037197618,-9.21033392999693,-9.21034037197618
"159","199",-5.33411387531185,"bw",-9.21034037197618,-7.16097151455264,-9.21034037197617
"160","200",-5.82192234000943,"bw",-9.21034037197618,-9.21034037197618,-9.21034037197618
"161","201",-5.82192234000943,"bw",-9.21034037197618,-9.21034037197618,-9.21034037197618
"162","202",-8.24313222008243,"bw",-4.63862356224731,-9.21034036708218,-9.20993865267619
"163","203",-5.82192234000943,"bw",-9.21034037197618,-9.21034037197618,-9.21034037197618
"164","204",-5.82192234000943,"bw",-9.21034037197618,-9.21034037197618,-9.21034037197618
"165","205",-5.82175481137673,"bw",-0.75247264664476,-9.21034037197618,-9.2103372369811
"166","206",-5.71756425073239,"bw",-9.21034036053618,-9.21034037197618,-9.21034037197612
"167","207",-5.8359222597387,"bw",-8.38091557312369,-9.20222637962632,-9.16985123284614
"168","208",-6.24182616598817,"bw",-9.21034037197618,-4.00413829433595,-9.21034037197618
"169","209",-6.54728600024603,"bw",-9.20926694830157,-9.21034037189385,-9.21034031943618
"170","210",-5.71737670187437,"bw",-9.21034036243218,-9.21034037197618,-9.21034037197618
"171","211",-5.82526941604929,"bw",-8.60580584977284,-9.21034037197617,-9.21034034025618
"172","212",-4.47322726362246,"bw",-9.21034037197618,0.139848895116399,-9.21034037186828
"173","213",-6.14759663801053,"bw",-0.859910398438048,-9.21034037195131,-9.20925795799761
"174","214",-7.52224115424133,"bw",-4.96484963894712,-9.21026633471701,-9.17747635835701
"175","215",-2.77858187779132,"bw",-9.21034037197618,2.2733725308045,-9.19875771073312
"176","216",-3.58778941373292,"bw",0.549334545194097,-1.0668229661787,-0.524417577285458
"177","217",-5.677058696739,"bw",-9.21034037197618,-9.20910114014123,-9.21034037197618
"178","218",-5.82192234000943,"bw",-9.21034037197618,-9.21034037197618,-9.21034037197618
"179","219",-1.58123098945569,"bw",1.19546673003199,-9.20978872416182,-6.81435601472359
"180","220",-5.2824300742919,"bw",-9.21034037197618,-7.47040065147792,-9.21034037197618
"181","221",-6.22847577535766,"bw",-9.21034037185878,-9.21033537098869,-9.21034035344618
"182","222",1.67673469702213,"bw",2.39426140556584,-3.24061031701421,0.917929388542664
"183","223",-7.41976657556837,"bw",-1.72934820910666,-9.21034037179018,-9.20929192179221
"184","224",-4.99666106262428,"bw",-9.21034037191156,-4.6589929926856,1.3059245166096
"185","225",-5.82192234000943,"bw",-9.21034037197618,-9.21034037197618,-9.21034037197618
"186","226",-2.53910666711902,"bw",-9.21034037197618,1.8223048396673,-8.82732539270561
"187","227",4.48727003950106,"bw",2.14559204412714,0.200570690461818,1.84326024209046
"188","228",-2.71809523712106,"bw",-9.21034037197618,1.79543603570048,-8.20347794191764
"189","229",-4.26151492435981,"bw",-9.21034037197618,0.354241986697029,-9.21032630207516
"190","230",-6.22440226543221,"bw",-9.21034037197618,-4.0663403658125,-9.21034037197618
"191","231",-5.82192234000943,"bw",-9.21034037197618,-9.21034037197618,-9.21034037197618
"192","232",-5.82192234000943,"bw",-9.21034037197618,-9.21034037197618,-9.21034037197618
"193","233",-3.33153575523731,"bw",-9.21033945007661,1.59210862391228,-1.70815388537326
"194","234",-5.71757755937148,"bw",-9.2103401574762,-9.21034037197618,-9.21034037197618
"195","235",-5.82192234000943,"bw",-9.21034037197618,-9.21034037197618,-9.21034037197618
"196","236",-5.54084047848709,"bw",-6.97603411973543,-1.99143066435712,2.01983749265178
"197","237",-5.82192234000943,"bw",-9.21034037197618,-9.21034037197618,-9.21034037197618
"198","238",-6.33543920598573,"bw",-8.55199169695893,-9.21034036495518,-9.21031618226876
"199","239",-4.1887763170119,"bw",-9.19177380240234,-8.96246518444279,1.97977312855853
"200","240",0.643898317281074,"bw",2.39152045127743,-8.77570488656824,-1.35518336609484
"201","241",-2.35170204390991,"bw",-3.14678774847395,1.59210862391228,1.47478589214087
"202","242",-3.07201644162532,"bw",-9.21034037197618,0.750991470244383,-9.07966304833457
"203","243",-1.97578111646762,"bw",0.50567236852519,-3.60417072618698,1.53322619048821
"204","244",0.091217785012163,"bw",2.39699486755521,-9.21034029701619,-6.37067728407208
"205","245",-5.55598037093865,"bw",-2.74715492098297,-7.28070479541362,1.49897551539535
"206","246",-6.29521867492702,"bw",-9.21034036969418,-2.42837509905235,0.434441216344682
"207","247",-4.81050293219059,"bw",-9.17520491520793,-4.00798339657406,1.96530653138019
"208","248",-2.32866179832665,"bw",-6.35157395349535,0.734816815731338,1.55182998581371
"209","249",-5.69105100867689,"bw",-9.21034037197618,-9.20733888096044,-9.21034037197618
"210","250",-7.25524572127431,"bw",-9.20908715757749,-1.0410039760478,-6.16296486527035
"211","251",-5.82192234000943,"bw",-9.21034037197618,-9.21034037197618,-9.21034037197618
"212","252",-6.63533127634696,"bw",-7.9670507052733,-9.21034037181398,-9.21033333800092
"213","253",-2.72830107238344,"bw",-9.21024335668232,1.20719759908155,-0.397050609507146
"214","254",-2.58023870988271,"bw",-9.21034037197618,1.65957954391243,-9.21005021407606
"215","255",4.20418210070804,"bw",2.44148579504298,0.0935814136215306,1.37929492209965
"216","256",-3.99922513507092,"bw",-9.21034037196491,0.422715461514692,-8.56732926091003
"217","257",-4.80749142922931,"bw",-9.07240618588687,-3.17414149352803,1.95869944481693
"218","258",-2.74086798403957,"bw",-9.21034037197618,0.915130058553403,-9.21034037154408
"219","259",-2.15346867897048,"bw",0.824219301653666,-9.21032646207293,-8.34702856489291
"220","260",-4.93759268366573,"bw",-9.21034037197618,0.0199006617063362,-9.20014254699974
"221","261",6.90017153980501,"bw",2.68649283515227,1.77784646400806,2.20388015752157
"222","262",1.76182872830873,"bw",0.988462545167122,0.503257054266038,0.705125157319352
"223","263",-6.63952349651603,"bw",-9.2103401633762,-3.8076629901039,-9.09122489108602
"224","264",-5.82192234000943,"bw",-9.21034037197618,-9.21034037197618,-9.21034037197618
"225","265",-5.82192234000943,"bw",-9.21034037197618,-9.21034037197618,-9.21034037197618
"226","266",-2.44126361441364,"bw",-9.21034037197618,1.65862799662486,-9.21034036320918
"227","267",-5.82192234000943,"bw",-9.21034037197618,-9.21034037197618,-9.21034037197618
"228","268",-5.82192234000943,"bw",-9.21034037197618,-9.21034037197618,-9.21034037197618
"229","269",-7.07409723134657,"bw",-9.2103208721663,-2.28278246569787,-8.14459568693369
"230","270",-5.82192234000943,"bw",-9.21034037197618,-9.21034037197618,-9.21034037197618
"231","271",-6.16099020943968,"bw",-9.21034037197618,-9.21034036950218,-9.21034037197618
"232","272",-6.032304972786,"bw",-9.17377703266914,-9.06459635792348,-9.16595991629545
"233","273",-6.02506799804915,"bw",-9.21034037197618,-8.94138250852268,-9.21034034681618
"234","274",-3.23110772787223,"bw",-9.21034035821618,1.53279442087377,-5.1787581314904
"235","275",-2.34980007094637,"bw",-9.21034037197618,0.879668240417654,-9.21034037197618
"236","276",-6.80560797774202,"bw",-9.21034037197589,-3.95859064124448,-9.20864281364399
"237","277",-6.15923419096993,"bw",-9.21034037197618,-9.21034034384618,-9.21034037197612
"238","278",-5.71691413584496,"bw",-9.21034036456718,-7.68406670080285,-9.2091550747186
"239","279",-7.06018808058786,"bw",-9.21034037197618,-2.1982250776698,-9.21032889204208
"240","280",-6.92689011292715,"bw",-9.17567810971418,-4.37883174377736,-7.63301251346032
"241","281",-4.29457591386161,"bw",-9.21032713206383,0.593934395488353,-5.36809626115595
"242","282",-6.16238038826217,"bw",-9.21034037197601,-9.20601274965646,-9.2103401800762
"243","283",-4.09108220644286,"bw",-8.54873545942612,-0.845599303751622,1.90242091012293
"244","284",-5.82192234000943,"bw",-9.21034037197618,-9.21034037197618,-9.21034037197618
"245","285",-6.03255180723239,"bw",-9.21034037197618,-9.2103403719248,-9.21034037197618
"246","286",-3.60358794928082,"bw",-7.49961020806021,1.10330127815424,-1.46144903472065
"247","287",-2.00894387259901,"bw",-9.21034037197618,1.71525632324194,-9.21034037197618
"248","288",-5.29933676935558,"bw",-9.21034037197618,-0.0905813782312385,-9.20960534217678
"249","289",0.1793929563728,"bw",-0.0543505947500815,0.566506279592548,2.23549398343955
"250","290",-7.23026581779745,"bw",-9.20516677812221,-3.51526233795013,-7.62519515211113
"251","291",-3.5532263741462,"bw",-9.16771200992056,1.03712687981412,-2.6538461470887
"252","292",-5.83576086894378,"bw",-9.21034037197618,-9.21033455399311,-9.21034037197618
"253","293",-3.54549889231808,"bw",-9.21034037197618,0.561385649377691,-9.16458337463845
"254","294",-6.5522396510039,"bw",-9.21034037197618,-4.50623023813319,-9.21034029626619
"255","295",-5.77775657404645,"bw",-9.21034037197618,-9.15677116943349,-9.21034037197618
"256","296",-5.82192234000943,"bw",-9.21034037197618,-9.21034037197618,-9.21034037197618
"257","297",-5.82192234000943,"bw",-9.21034037197618,-9.21034037197618,-9.21034037197618
"258","298",-6.61327746513684,"bw",-9.21034037010618,-1.35634728475194,-0.0717108475540004
"259","299",-5.71736771471364,"bw",-9.21034037159588,-9.21034037197618,-9.21034037197618
"260","300",-5.82192234000943,"bw",-9.21034037197618,-9.21034037197618,-9.21034037197618
"261","301",-2.34057363944007,"bw",-3.94351367251952,1.32124904491673,1.57009399169108
"262","302",-5.82192234000943,"bw",-9.21034037197618,-9.21034037197618,-9.21034037197618
"263","303",-6.19349959029005,"bw",-9.19792772856961,-9.20925196450654,-9.20888942510887
"264","304",-4.65730731955926,"bw",-8.45468798606484,-3.33176460694682,2.05131209242643
"265","305",0.788239783879515,"bw",2.3814055155198,-2.87955051926458,0.193179066794737
"266","306",-1.41388860555799,"bw",-0.816671666845443,1.1575413561974,0.489867529174513
"267","307",-7.18639433468896,"bw",-9.21034037197618,-3.58487986409545,-7.77074223883398
"268","308",5.03202316063642,"bw",1.74223653664942,0.631856712116838,2.01704738641215
"269","309",0.244555554455685,"bw",2.37862904706769,-9.20390214192924,-3.89565765134188
"270","310",-3.97388379000725,"bw",-0.520875959619492,-1.42254349379501,2.00916659869033
"271","311",-4.30551337693492,"bw",-9.21034037197365,-8.66083264161785,1.4386733159648
"272","312",-2.11315648630895,"bw",-8.14770074376689,0.452412305215331,1.43081351272438
"273","313",-3.25738193400646,"bw",-3.41793670566645,1.73820045213349,0.631324966916602
"274","314",-6.16052456226094,"bw",-9.21034037197618,-9.21034036342618,-9.21034037197618
"275","315",-5.69107337065872,"bw",-9.11312292126082,-6.98431240170429,-8.58226518815995
"276","316",-5.82192234000943,"bw",-9.21034037197618,-9.21034037197618,-9.21034037197618
"277","317",-6.15750758385072,"bw",-9.17341074289127,-9.21027565407043,-9.20984649395401
"278","318",-3.45714936744725,"bw",-9.19923229572734,1.55605823253086,-2.19462795148895
"279","319",-6.44680082634089,"bw",-9.21034037197618,-1.02750166121016,-9.1975129956714
"280","320",6.24511144004914,"bw",1.93283938327657,1.78793550050356,1.95728803189967
"281","321",-6.50699486699062,"bw",-9.21034036566318,-4.28163846064261,-9.18744449449928
"282","322",-1.70515188823218,"bw",-7.1917109696931,0.848910844542843,1.40366756917724
"283","323",-6.40561329524812,"bw",-9.21034037197618,-3.31676432568733,-9.21034037197547
"284","324",-6.70466084896671,"bw",-1.02917951395277,-8.88168431655498,-5.92680103378226
"285","325",-1.72713431745099,"bw",0.511685254177873,-0.0802343927106061,0.131115977857537
"286","326",-6.30697867948323,"bw",-9.21034033808618,-4.92510000598999,-9.18473110646976
"287","327",-5.82192234000943,"bw",-9.21034037197618,-9.21034037197618,-9.21034037197618
"288","328",-5.82192234000943,"bw",-9.21034037197618,-9.21034037197618,-9.21034037197618
"289","329",-2.37232284698835,"bw",-9.21034037197618,1.40538595137541,-9.21034030220619
"290","330",-5.82192234000943,"bw",-9.21034037197618,-9.21034037197618,-9.21034037197618
"291","331",-5.82192234000943,"bw",-9.21034037197618,-9.21034037197618,-9.21034037197618
"292","332",-7.24097911875193,"bw",-9.21025789537747,-1.44307637521888,-7.18298191016657
"293","333",-5.82192234000943,"bw",-9.21034037197618,-9.21034037197618,-9.21034037197618
"294","334",-6.15906957940259,"bw",-9.21034037197618,-9.21034034441618,-9.21034037197618
"295","335",-5.5894767195756,"bw",-9.09558413467799,-8.66772542572078,-9.03479169946966
"296","336",-5.73321783978915,"bw",-9.21034037197618,-8.34829465495442,-9.2103401791762
"297","337",-3.38406337221939,"bw",-9.21034030066619,1.71165148164605,-4.16949923582286
"298","338",-3.57988790298752,"bw",-9.21034037197618,0.382605813962082,-9.21034037197618
"299","339",-6.90961694333989,"bw",-9.21034037197424,-2.95978614678052,-9.2020647099251
"300","340",-6.1424360665325,"bw",-9.21034037197618,-9.21034009177622,-9.21034037197541
"301","341",-5.8446638314849,"bw",-9.21034033320618,-6.53619172254965,-9.20441993241654
"302","342",-7.03214030839755,"bw",-9.21034037197618,-3.16178685788407,-9.21027107437732
"303","343",-7.33816167458596,"bw",-9.10238323047109,-3.33934997833608,-6.59440545978178
"304","344",-3.52834205629739,"bw",-9.21028445353965,1.02140721775914,-4.35441146764091
"305","345",-6.12890364976668,"bw",-9.21034037197617,-9.20970027688077,-9.21034035204618
"306","346",-4.8859574957197,"bw",-7.91753285394976,-1.63732311592364,2.07506949821101
"307","347",-5.82192234000943,"bw",-9.21034037197618,-9.21034037197618,-9.21034037197618
"308","348",-6.16112720032706,"bw",-9.21034037197618,-9.21034037128898,-9.21034037197618
"309","349",-3.64714761821275,"bw",-6.64616054129367,1.42071994213488,-0.753321903596015
"310","350",-1.93038806504417,"bw",-9.21034037197618,1.50276542540698,-9.21034037197618
"311","351",-3.87515396874518,"bw",-9.21034037197618,0.460016422712668,-9.20661731117606
"312","352",-0.080439511462763,"bw",0.431847349382283,0.00409161790325356,2.20916412750003
"313","353",-7.60263937881301,"bw",-9.19236293874553,-2.5497652221365,-6.58061213764944
"314","354",-4.56070569430206,"bw",-9.19938064973985,0.566506279592548,-3.63970841010749
"315","355",-5.66695651833148,"bw",-9.21034037197618,-9.21029289310332,-9.21034037197618
"316","356",-4.61499485800161,"bw",-9.16803787394231,0.525379204773502,-3.3688270016317
"317","357",-5.82192234000943,"bw",-9.21034037197618,-9.21034037197618,-9.21034037197618
"318","358",-5.82192234000943,"bw",-9.21034037197618,-9.21034037197618,-9.21034037197618
"319","359",-1.91301542806922,"bw",-9.21034037197618,1.36866487085006,-9.21034037197618
"320","360",-5.82192234000943,"bw",-9.21034037197618,-9.21034037197618,-9.21034037197618
"321","361",-5.82192234000943,"bw",-9.21034037197618,-9.21034037197618,-9.21034037197618
"322","362",-5.8250445489622,"bw",-9.21034037196721,-8.03107018029062,-9.21024986607197
"323","363",-5.82192234000943,"bw",-9.21034037197618,-9.21034037197618,-9.21034037197618
"324","364",-5.82192234000943,"bw",-9.21034037197618,-9.21034037197618,-9.21034037197618
"325","365",-6.11691181903752,"bw",-9.2103401893762,-9.21033167201403,-9.21033980107635
"326","366",-5.66673184814961,"bw",-9.21034037197618,-9.21031998218406,-9.21034037197618
"327","367",-6.44764424293458,"bw",-9.21034037197618,-1.02834023568278,-9.19866875111578
"328","368",-2.10492558503204,"bw",-9.21034037197618,1.91059380392775,-9.21034037197618
"329","369",-6.11820211590182,"bw",-9.21034037197618,-9.04567375042095,-9.21034036379318
"330","370",-5.82203896625703,"bw",-9.21034037197618,-9.21034037197616,-9.21034037197618
"331","371",-6.1281281767898,"bw",-9.21034037197618,-9.20974305040824,-9.21034036719118
"332","372",-1.96593773486786,"bw",-9.21034037197618,1.27873698969609,-9.21034037196305
"333","373",-6.231763316864,"bw",-9.2103401753762,-9.12231117980287,-9.21008220530407
"334","374",-6.8547083219449,"bw",-9.21034037196976,-3.27280416689376,-9.20089313795203
"335","375",-5.90838357811717,"bw",-9.21033937997668,-6.2121112182236,-9.18347451284162
"336","376",-3.16188148751916,"bw",-9.21032208214344,1.74293680453049,-1.01528268108111
"337","377",-5.82193205988449,"bw",-9.21034037197618,-9.21034037197618,-9.21034037197618
"338","378",-5.82192234000943,"bw",-9.21034037197618,-9.21034037197618,-9.21034037197618
"339","379",-7.32366892993753,"bw",-9.21018928339064,-2.20727491318972,-7.6367369125513
"340","380",-1.93954463896871,"bw",-9.21034037197618,1.2375332978479,-9.21034037197618
"341","381",-6.51559716276474,"bw",-9.21034037197618,-4.61754645705615,-9.21034036920718
"342","382",-2.84274702065718,"bw",-6.05163927014405,1.94806496862032,0.58115360359902
"343","383",-6.04737353817122,"bw",-9.21034035816618,-8.92583835053103,-9.210092802624
"344","384",-2.48021793344404,"bw",-3.50323010722731,1.87795245587209,1.58700823746792
"345","385",-5.88810500622544,"bw",-9.21034037197618,-9.2103403719632,-9.21034037197618
"346","386",-5.82192234000943,"bw",-9.21034037197618,-9.21034037197618,-9.21034037197618
"347","387",-5.96140349636772,"bw",-9.21034037197618,-9.21034037194608,-9.21034037197618
"348","388",-6.40479203751226,"bw",-9.21034037197618,-1.88519141402061,-9.21034037197618
"349","389",-5.82192234000943,"bw",-9.21034037197618,-9.21034037197618,-9.21034037197618
"350","390",-5.82192234000943,"bw",-9.21034037197618,-9.21034037197618,-9.21034037197618
"351","391",-5.66864615372895,"bw",-9.21034037197618,-9.2100973015202,-9.21034037197618
"352","392",-5.82192234000943,"bw",-9.21034037197618,-9.21034037197618,-9.21034037197618
"353","393",-5.82192234000943,"bw",-9.21034037197618,-9.21034037197618,-9.21034037197618
"354","394",-5.94445432843031,"bw",-9.21034037197618,-9.21034037195037,-9.21034037197618
"355","395",-6.07868734113262,"bw",-9.21034037197618,-9.21034037190627,-9.21034037197618
"356","396",-5.48490310502342,"bw",-9.21034037197618,-6.4989623807813,-9.21034037197597
"357","397",-4.34891738079304,"bw",-9.21034037197618,0.0807501496851091,-9.21034037197618
"358","398",-5.75211438775507,"bw",-9.21034037197618,-9.21033180101291,-9.21034037197618
"359","399",-5.82192234000943,"bw",-9.21034037197618,-9.21034037197618,-9.21034037197618
"360","400",-6.16078854129739,"bw",-9.21034037197618,-9.21034036687118,-9.21034037197618
"361","401",-2.1535180305488,"bw",-9.21034037197618,1.99770260455551,-9.21034037197618
"362","402",-5.94411926653184,"bw",-9.21034037197618,-9.21033698198193,-9.21034037197618
"363","403",-5.511364334179,"bw",-9.21034037197618,-8.86831216978429,-9.210340371976
"364","404",3.09482995050728,"bw",2.38693543256203,-0.318141279936489,1.06163705254321
"365","405",-2.48594645855453,"bw",-9.21034037197618,1.55690174073127,-9.20818170357822
"366","406",-6.16053252869188,"bw",-9.21034037197618,-9.21034034854618,-9.21034037197582
"367","407",-5.82192234000943,"bw",-9.21034037197618,-9.21034037197618,-9.21034037197618
"368","408",-5.69595221776846,"bw",-9.21034037197618,-8.11808155728025,-9.21034036898018
"369","409",-6.45327880271947,"bw",-9.21034037197618,-2.16108553072035,-9.21034037197618
"370","410",-5.77995622077433,"bw",-9.21034037197618,-9.15872562925868,-9.21034037197618
"371","411",-3.71599980470923,"bw",-9.21034037197618,0.497801172643238,-9.1028321642609
"372","412",-5.66693241076156,"bw",-9.21034037197618,-9.21032254213513,-9.21034037197618
"373","413",0.597987718443149,"bw",1.29584982485008,-0.241689468601308,0.463167818236454
"374","414",-5.82192234000943,"bw",-9.21034037197618,-9.21034037197618,-9.21034037197618
"375","415",-5.82192234000943,"bw",-9.21034037197618,-9.21034037197618,-9.21034037197618
"376","416",-5.82192234000943,"bw",-9.21034037197618,-9.21034037197618,-9.21034037197618
"377","417",-4.26181060270645,"bw",-9.21034037197618,3.7390995478276,-8.16829843479647
"378","418",-3.64472826591709,"bw",-9.21034037179898,3.12500900292159,-0.306796936311463
"379","419",-5.82221385550661,"bw",-9.21034037197618,-9.21034037197613,-9.21034037197618
"380","420",3.55392022884562,"bw",3.92138108172528,3.70721286538573,4.51841441269269
"381","421",-5.5739374836968,"bw",-9.21034037197618,-6.21510822346387,-9.21034037197223
"382","422",-5.8575588327609,"bw",-9.21034037197618,-9.21033511199002,-9.21034037197618
"383","423",-6.06372156660833,"bw",-9.21034037197618,-9.21033900697712,-9.21034037197618
"384","424",-5.82192234000943,"bw",-9.21034037197618,-9.21034037197618,-9.21034037197618
"385","425",-5.40737430137779,"bw",-8.52155268019369,-9.21034037197618,-9.21034037197618
"386","426",-5.88376756343622,"bw",-9.21034037197618,-9.21034037196411,-9.21034037197618
"387","427",-5.32111285313012,"bw",-9.21034037197618,-7.23154823844628,-9.21034037197618
"388","428",-6.15844361691892,"bw",-9.21034037197618,-9.21034033622618,-9.21034037197618
"389","429",-5.82192234000943,"bw",-9.21034037197618,-9.21034037197618,-9.21034037197618
"390","430",-5.9320926324965,"bw",-9.21034037197618,-9.21034037195336,-9.21034037197618
"391","431",-5.82192234000943,"bw",-9.21034037197618,-9.21034037197618,-9.21034037197618
"392","432",-5.82192234000943,"bw",-9.21034037197618,-9.21034037197618,-9.21034037197618
"393","433",-5.82192234000943,"bw",-9.21034037197618,-9.21034037197618,-9.21034037197618
"394","434",-5.82192234000943,"bw",-9.21034037197618,-9.21034037197618,-9.21034037197618
"395","435",-5.98225125135218,"bw",-9.21034037197618,-4.90034694020213,-9.21034037197221
"396","436",-5.82192234000943,"bw",-9.21034037197618,-9.21034037197618,-9.21034037197618
"397","437",-7.33437836962512,"bw",-3.22037695099447,-9.21034037197618,-9.21034037197468
"398","438",-5.82192234000943,"bw",-9.21034037197618,-9.21034037197618,-9.21034037197618
"399","439",-5.82192234000943,"bw",-9.21034037197618,-9.21034037197618,-9.21034037197618
"400","440",-5.83189292065774,"bw",-9.21034037197618,-9.21034037197434,-9.21034037197618
"401","441",-5.82192234000943,"bw",-9.21034037197618,-9.21034037197618,-9.21034037197618
"402","442",-5.77900508736332,"bw",-9.21034037197618,-9.15788075800382,-9.21034037197618
"403","443",-5.82192234000943,"bw",-9.21034037197618,-9.21034037197618,-9.21034037197618
"404","444",-5.82192234000943,"bw",-9.21034037197618,-9.21034037197618,-9.21034037197618
"405","445",-5.82192234000943,"bw",-9.21034037197618,-9.21034037197618,-9.21034037197618
"406","446",-5.82192234000943,"bw",-9.21034037197618,-9.21034037197618,-9.21034037197618
"407","447",-5.82192234000943,"bw",-9.21034037197618,-9.21034037197618,-9.21034037197618
"408","448",-5.82192234000943,"bw",-9.21034037197618,-9.21034037197618,-9.21034037197618
"409","449",-5.82192234000943,"bw",-9.21034037197618,-9.21034037197618,-9.21034037197618
"410","450",-5.82192234000943,"bw",-9.21034037197618,-9.21034037197618,-9.21034037197618
"411","451",-5.82192234000943,"bw",-9.21034037197618,-9.21034037197618,-9.21034037197618
"412","452",-5.82192234000943,"bw",-9.21034037197618,-9.21034037197618,-9.21034037197618
"413","453",-5.82192234000943,"bw",-9.21034037197618,-9.21034037197618,-9.21034037197618
"414","454",-5.82192234000943,"bw",-9.21034037197618,-9.21034037197618,-9.21034037197618
"415","455",-5.82192234000943,"bw",-9.21034037197618,-9.21034037197618,-9.21034037197618
"416","456",-5.82288370728484,"bw",-9.21034037197618,-9.21034037197601,-9.21034037197618
"417","457",-5.82192234000943,"bw",-9.21034037197618,-9.21034037197618,-9.21034037197618
"418","458",-5.82192234000943,"bw",-9.21034037197618,-9.21034037197618,-9.21034037197618
"419","459",-6.13209617283688,"bw",-9.21034037197618,-9.20925995583595,-9.21034037044818
"420","460",-5.82193205988449,"bw",-9.21034037197618,-9.21034037197618,-9.21034037197618
"421","461",-2.96849606842493,"bw",5.92211473692599,5.24068878337228,6.60326622380719
"422","462",-5.82192234000943,"bw",-9.21034037197618,-9.21034037197618,-9.21034037197618
"423","463",-5.82192234000943,"bw",-9.21034037197618,-9.21034037197618,-9.21034037197618
"424","464",-5.82192234000943,"bw",-9.21034037197618,-9.21034037197618,-9.21034037197618
"425","465",-5.82192234000943,"bw",-9.21034037197618,-9.21034037197618,-9.21034037197618
"426","466",-5.82192234000943,"bw",-9.21034037197618,-9.21034037197618,-9.21034037197618
"427","467",-5.82192234000943,"bw",-9.21034037197618,-9.21034037197618,-9.21034037197618
"428","468",-5.82192234000943,"bw",-9.21034037197618,-9.21034037197618,-9.21034037197618
"429","469",-5.82192234000943,"bw",-9.21034037197618,-9.21034037197618,-9.21034037197618
"430","470",1.21228515353571,"bw",2.85302173834845,-9.21034037197618,-9.21034033036618
"431","471",-7.11739895183181,"bw",-2.61251277439315,-9.21034037197618,-9.21034037197618
"432","472",-7.73318061698893,"bw",-9.21034037197618,-4.25451331437492,-2.70380920684496
"433","473",-5.82192234000943,"bw",-9.21034037197618,-9.21034037197618,-9.21034037197618
"434","474",-5.30073258964184,"bw",0.0030952049073023,-9.21034037196326,-5.22395228459273
"435","475",-6.69858205732368,"bw",-9.21034037197618,-9.20502651555244,-0.62548853208613
"436","476",-4.24641094032465,"bw",-9.21034033577618,-9.19916307138606,2.14897926470822
"437","477",-3.70502323525243,"bw",-9.21034037197618,0.892448757388584,-5.33934771610603
"438","478",-2.99792999927692,"bw",-9.21024830621436,1.58085323557832,-0.762711643945854
"439","479",-5.2309182543393,"bw",-9.21034037197607,-6.21711122864031,0.650813627543867
"440","480",-5.120213525351,"bw",-9.21034033662618,-9.21034037178918,1.25250579257133
"441","481",-5.27216029377025,"bw",-9.21034037197618,-9.03975407140065,0.697686860601977
"442","482",3.2092059350208,"bw",2.53529078101194,-0.587706668101948,1.69801639420669
"443","483",-6.98458407529914,"bw",-9.21034037197618,-6.6966843089022,-3.06594016859749
"444","484",-6.89408615081767,"bw",-9.21034037197618,-0.542144307023418,-4.97493036947548
"445","485",-5.7015182096931,"bw",-9.21034037197618,-9.08573620875165,-9.21034037197618
"446","486",-4.00815125858852,"bw",-9.21034037197618,0.432496447159195,-9.21033498499069
"447","487",-5.82192234000943,"bw",-9.21034037197618,-9.21034037197618,-9.21034037197618
"448","488",-6.47791370017355,"bw",-0.67021220927745,-9.210340371976,-5.80150556318482
"449","489",-4.56357021265739,"bw",-9.21034037197618,0.183237803578308,-8.95368467812952
"450","490",-3.46344645618119,"bw",-9.21034036150618,1.85459341339942,-3.99921621713052
"451","491",-5.58069321393018,"bw",-9.21033501899051,-1.47621906864788,0.885872760652622
"452","492",-2.37074154514288,"bw",-9.21034037197618,1.396764358903,-9.21034033924618
"453","493",-7.25092024006189,"bw",-9.21034037197618,-5.72541477478331,-3.18254389562081
"454","494",-1.99274684327797,"bw",-9.21034037197618,1.67786262254794,-9.21034037197618
"455","495",-5.9869642966109,"bw",-9.1728422955561,-9.21034031353618,0.430547888475628
"456","496",-3.07658597807796,"bw",-1.78916284338079,3.48951651427763,1.3519875549259
"457","497",-5.82196121839572,"bw",-9.21034037197618,-9.21034037197617,-9.21034037197618
"458","498",-4.12279961026598,"bw",-9.21034037197618,3.8446024686035,-9.19730569370573
"459","499",-5.95267643572631,"bw",-0.552863635112889,-7.10279740018547,-4.28962978540791
"460","500",-6.074887117171,"bw",-9.21034037197618,-9.2103391739769,-9.21034037197618
"461","501",-6.49091503852376,"bw",-9.21034036419018,-9.21034007407623,-9.21034035583618
"462","502",-5.82192234000943,"bw",-9.21034037197618,-9.21034037197618,-9.21034037197618
"463","503",-6.28132306289672,"bw",-9.20981930775373,-9.21034037197618,-8.87737427468426
"464","504",-5.83304198639678,"bw",-9.21034037197616,-9.21034037197415,-9.21034037197614
"465","505",-5.71851883032348,"bw",-9.21034036439518,-8.02585624423411,-9.20981141190023
"466","506",-6.16074368384371,"bw",-9.21034037197618,-9.21034036481718,-9.21034037197615
"467","507",1.59698496042194,"bw",2.71866697649854,-9.21034037197618,-9.21034037193789
"468","508",-5.84267376365172,"bw",-9.21034037197618,-9.21034037197231,-9.21034037197618
"469","509",-5.82192234000943,"bw",-9.21034037197618,-9.21034037197618,-9.21034037197618
"470","510",-5.82192234000943,"bw",-9.21034037197618,-9.21034037197618,-9.21034037197618
"471","511",-5.82192234000943,"bw",-9.21034037197618,-9.21034037197618,-9.21034037197618
"472","512",-5.82192234000943,"bw",-9.21034037197618,-9.21034037197618,-9.21034037197618
"473","513",-7.39612158644009,"bw",-1.28880473984263,-5.79261368836282,-4.0484156303337
"474","514",-5.82192234000943,"bw",-9.21034037197618,-9.21034037197618,-9.21034037197618
"475","515",-7.12408695052807,"bw",-9.21034028533619,-9.21034037197618,-5.08417419743113
"476","516",-5.71912135663129,"bw",-9.21033907097703,-9.21034037197618,-9.21034037197603
"477","517",-5.82192234000943,"bw",-9.21034037197618,-9.21034037197618,-9.21034037197618
"478","518",-5.82353329799166,"bw",-9.21034037197618,-9.21034037197589,-9.21034037197618
"479","519",-5.82192234000943,"bw",-9.21034037197618,-9.21034037197618,-9.21034037197618
"480","520",-6.19885049684082,"bw",-9.1988565640349,-9.19456545286082,-9.20450741678374
"481","521",-5.82192234000943,"bw",-9.21034037197618,-9.21034037197618,-9.21034037197618
"482","522",-5.14036034860466,"bw",-9.21034037197618,3.77735039042845,-3.41763168812558
"483","523",-6.19313299405785,"bw",-9.19627968832785,-9.18856909550673,-9.20231764032347
"484","524",-6.15834357518711,"bw",-9.21034037197618,-9.21034037182788,-9.21034037197618
"485","525",-5.95092792541734,"bw",-9.21034037197618,-9.21034037194876,-9.21034037197618
"486","526",-5.82192234000943,"bw",-9.21034037197618,-9.21034037197618,-9.21034037197618
"487","527",-7.04243272796925,"bw",-1.75793792075254,-9.21034037197618,-9.21033840697811
"488","528",-5.82192234000943,"bw",-9.21034037197618,-9.21034037197618,-9.21034037197618
"489","529",-6.07753869763645,"bw",-9.21034037197618,-9.2050016483557,-9.21034037179248
"490","530",-5.82391103476792,"bw",-9.21034037197618,-9.21034037197582,-9.21034037197618
"491","531",-3.82479357062559,"bw",0.0110388471152162,-9.21034037197618,-9.21034037197618
"492","532",-5.82192234000943,"bw",-9.21034037197618,-9.21034037197618,-9.21034037197618
"493","533",-5.82192234000943,"bw",-9.21034037197618,-9.21034037197618,-9.21034037197618
"494","534",-5.82192234000943,"bw",-9.21034037197618,-9.21034037197618,-9.21034037197618
"495","535",-5.82192234000943,"bw",-9.21034037197618,-9.21034037197618,-9.21034037197618
"496","536",-5.82192234000943,"bw",-9.21034037197618,-9.21034037197618,-9.21034037197618
"497","537",-6.14867865765688,"bw",-9.2078953634471,-9.09701168666918,-9.20035043794683
"498","538",-5.82192234000943,"bw",-9.21034037197618,-9.21034037197618,-9.21034037197618
"499","539",-7.07518057551269,"bw",-6.50162372633081,-9.21034037197618,-9.20733389595782
"500","540",-5.82192234000943,"bw",-9.21034037197618,-9.21034037197618,-9.21034037197618
"501","541",-5.82192234000943,"bw",-9.21034037197618,-9.21034037197618,-9.21034037197618
"502","542",-5.82192234000943,"bw",-9.21034037197618,-9.21034037197618,-9.21034037197618
"503","543",-5.82192234000943,"bw",-9.21034037197618,-9.21034037197618,-9.21034037197618
"504","544",-6.17365368352529,"bw",-9.2103403719752,-9.2103301620283,-9.21034036846618
"505","545",-5.82192234000943,"bw",-9.21034037197618,-9.21034037197618,-9.21034037197618
"506","546",-6.0682404316813,"bw",-9.21034037197617,-8.93452847209489,-9.21033841997809
"507","547",2.21801649943242,"bw",1.7044025780098,-0.605502670707899,1.79210940799234
"508","548",-7.85734491019734,"bw",-5.50681864112538,-0.2888827930283,-2.30258509299405
"509","549",2.93478943673806,"bw",1.93081101440333,-0.403916308118314,1.77446070464973
"510","550",-5.80393190164966,"bw",-9.21034037197618,-7.05788073755977,-9.18925425497992
"511","551",0.0846300222322504,"bw",-0.357389484876601,1.66508073389949,1.14520957404489
"512","552",-7.32738544385109,"bw",-5.5722280349159,-8.37006712652594,-7.69411484126426
"513","553",4.62258889613958,"bw",1.81239508282813,0.631856712116838,1.09630963960543
"514","554",-6.35862599417366,"bw",-9.21034037197618,-9.20528019628715,-0.219649662059954
"515","555",6.08322956605708,"bw",1.78458378547896,1.60384228607694,2.0633248629213
"516","556",6.58089344100357,"bw",2.43974364949909,0.970816795228721,1.82537153456216
"517","557",-5.84344665113621,"bw",-9.21034037197618,-9.21034037197216,-9.21034037197618
"518","558",-2.76754032282302,"bw",0.905472424438276,-9.11809853107642,-5.03104210387392
"519","559",-5.82192234000943,"bw",-9.21034037197618,-9.21034037197618,-9.21034037197618
"520","560",-6.26267707779052,"bw",-9.21034037197611,-9.17744732867416,-9.21033986527631
"521","561",-1.28445985569673,"bw",0.171513358077351,0.407529642157043,0.248499358576518
"522","562",-6.90820561550255,"bw",-9.21034037197618,-3.77052344315445,-9.21031147239378
"523","563",-1.23377079435352,"bw",-7.828807327958,1.39230128338329,0.944333822898798
"524","564",-6.71860869740669,"bw",-6.72127571203952,-7.78795519071194,-7.7073747040526
"525","565",6.53277502389397,"bw",2.08655369028562,1.74048371854626,2.06472122752313
"526","566",-5.86524021839549,"bw",-9.21034037197618,-6.80519869065705,-9.21034036806618
"527","567",-6.20058490602907,"bw",-9.21011339773678,-5.56645828379298,-8.99862183833144
"528","568",-5.24002164183126,"bw",-9.21034037197618,-7.86019145749265,-9.21034037197618
"529","569",-6.13819614316237,"bw",-9.21034037197618,-9.21034006747623,-9.21034037197618
"530","570",-6.15559948352289,"bw",-9.21034037197618,-9.21034029892619,-9.21034037197618
"531","571",-5.82192234000943,"bw",-9.21034037197618,-9.21034037197618,-9.21034037197618
"532","572",-5.7898248726781,"bw",-9.21022857822534,-9.21034037197618,-9.21034037197618
"533","573",-5.82412399271049,"bw",-9.21034037197618,-9.21034037197578,-9.21034037197618
"534","574",-5.34864221814991,"bw",-9.21034037197618,-8.5884207007046,-9.21034037197618
"535","575",-6.16105468432378,"bw",-9.21034037197618,-9.21034037034318,-9.21034037197618
"536","576",-5.82192234000943,"bw",-9.21034037197618,-9.21034037197618,-9.21034037197618
"537","577",-5.82612334503554,"bw",-9.21034037197618,-9.21034037197541,-9.21034037197618
"538","578",-5.82192234000943,"bw",-9.21034037197618,-9.21034037197618,-9.21034037197618
"539","579",-5.82192234000943,"bw",-9.21034037197618,-9.21034037197618,-9.21034037197618
"540","580",-5.82192234000943,"bw",-9.21034037197618,-9.21034037197618,-9.21034037197618
"541","581",-5.82192234000943,"bw",-9.21034037197618,-9.21034037197618,-9.21034037197618
"542","582",-5.4511816520263,"bw",-9.21034037197618,-6.62860953755264,-9.21034037197618
"543","583",-5.82192234000943,"bw",-9.21034037197618,-9.21034037197618,-9.21034037197618
"544","584",-5.37341613035108,"bw",-8.91588131524538,-9.21034037197618,-9.21034037197618
"545","585",-5.82192234000943,"bw",-9.21034037197618,-9.21034037197618,-9.21034037197618
"546","586",-5.82192234000943,"bw",-9.21034037197618,-9.21034037197618,-9.21034037197618
"547","587",-5.82222356981265,"bw",-9.21034037197618,-9.21034037197613,-9.21034037197618
"548","588",-5.82192234000943,"bw",-9.21034037197618,-9.21034037197618,-9.21034037197618
"549","589",-5.70574106698199,"bw",-9.21034037197618,-9.2053180052009,-9.21034037197618
"550","590",-6.88494591780575,"bw",-9.21034037197618,-1.52188501542624,-9.21000212918672
"551","591",-7.53539522749211,"bw",-9.10922887060777,-2.01066202628501,-5.72265953042589
"552","592",-6.44254524198259,"bw",-9.21034037181308,-9.21033939167666,-9.21034036426018
"553","593",-4.72701327111122,"bw",-9.2103403719754,-9.21034037197616,1.47019883334211
"554","594",-5.64509973860405,"bw",-9.21033164701424,-7.41028209993343,-9.19369960082806
"555","595",-3.22399098060922,"bw",-9.10868671824968,2.33020998760617,-0.761211911474075
"556","596",-6.68269738775011,"bw",-9.21034037144248,-3.63287726399865,-9.19306053207692
"557","597",-7.51986742897269,"bw",-2.32176791241082,-9.21034037197618,-8.5198467088818
"558","598",-5.83752615428268,"bw",-9.21034037197618,-7.05962522832026,-9.2103393579767
"559","599",-6.12578857521012,"bw",-9.21034037197607,-9.21004841459989,-9.21034035175618
"560","600",-5.82192234000943,"bw",-9.21034037197618,-9.21034037197618,-9.21034037197618
"561","601",-5.82192234000943,"bw",-9.21034037197618,-9.21034037197618,-9.21034037197618
"562","602",-5.82192234000943,"bw",-9.21034037197618,-9.21034037197618,-9.21034037197618
"563","603",6.58107388022168,"bw",2.67553389642528,2.38232929458061,2.5344980801595
"564","604",-5.66875656553006,"bw",-9.21034037197618,-9.21032299212721,-9.21034037197569
"565","605",-4.62036899718207,"bw",-9.21034037197618,-9.21034037191249,2.44842418421059
"566","606",-6.11585336357781,"bw",-7.82229754032218,-9.20756522625764,-9.17374811017659
"567","607",-5.8219417795739,"bw",-9.21034037197618,-9.21034037197618,-9.21034037197618
"568","608",-5.71182814246723,"bw",-9.21034037197618,-8.057239898024,-9.21033969177641
"569","609",-5.82201953040557,"bw",-9.21034037197618,-9.21034037197616,-9.21034037197618
"570","610",-3.14664302781144,"bw",-2.27594316204762,1.64810077771149,0.323604081627844
"571","611",-2.60778314596165,"bw",-9.08344343878783,1.94492394863379,-0.327948665680336
"572","612",-2.88521061282862,"bw",-0.0739695202001744,-7.28128576855996,0.911519366995264
"573","613",-6.23749671325959,"bw",-9.21034037197618,-9.21027879387215,-8.48617913788707
"574","614",-3.52601812989843,"bw",-3.97496280520202,0.50144173245565,1.89011047557501
"575","615",-6.99091337592818,"bw",-9.09487112217007,-0.818483671871243,-4.77228790903977
"576","616",0.611756880252349,"bw",-0.311701578296001,1.70730844809185,1.87289388845992
"577","617",-5.3390968106448,"bw",-9.21034037197618,-9.21034037043518,1.11844759516888
"578","618",5.90976344325002,"bw",2.46471244583569,0.673505540304657,1.68382156087134
"579","619",0.717841429240098,"bw",1.55436907860629,-4.20639406603072,1.02822558911111
"580","620",-5.82192234000943,"bw",-9.21034037197618,-9.21034037197618,-9.21034037197618
"581","621",0.450937389986552,"bw",2.32043483425684,-9.21034026627619,-7.82830506777668
"582","622",-5.82192234000943,"bw",-9.21034037197618,-9.21034037197618,-9.21034037197618
"583","623",-7.07737931262576,"bw",-9.21034037197618,-2.66412901404428,-9.21023157789447
"584","624",0.0141740036325244,"bw",2.06014403678785,-5.67636187908021,-1.4683724721555
"585","625",-6.26451068237422,"bw",-9.21034037197618,-9.1971773854499,-9.20699597072579
"586","626",-5.16186901772582,"bw",-9.20523542442218,-2.96772807714439,1.79526996688118
"587","627",-7.23153868790318,"bw",-2.28376333875346,-9.21032347211899,-9.11819884341264
"588","628",4.64791837494663,"bw",2.40243947769657,0.21196126191164,1.66489154061907
"589","629",-5.69330401028703,"bw",-9.21034037197618,-9.21026497481862,-9.21034037196778
"590","630",-3.54101655778456,"bw",-9.21034033641618,0.788048185754665,-6.89070152441631
"591","631",-7.7307365004989,"bw",-1.95616252551966,-6.76365493500838,-4.84393511820526
"592","632",-6.93118170145413,"bw",-9.21034037197618,-9.21020108167753,-1.08678253691453
"593","633",3.10143220172642,"bw",1.18604302215995,0.736733351222867,0.862932148349721
"594","634",2.11675894046497,"bw",2.4723363063641,-1.25176346816228,1.06025253811348
"595","635",-1.99974917315223,"bw",-1.60445037092306,1.79543603570048,0.907088521109356
"596","636",-4.81601207288532,"bw",-9.21034037191313,-9.21034036796518,1.80682868938499
"597","637",-3.49766636678023,"bw",-8.99216916228853,0.895312213488957,-2.65185892145247
"598","638",-9.19436171670945,"bw",-4.90816896255177,-3.72970144863419,-4.49362881125518
"599","639",-5.82192234000943,"bw",-9.21034037197618,-9.21034037197618,-9.21034037197618
"600","640",-6.71048787884057,"bw",-9.20012275011577,-9.21034011107622,-9.21032692206663
"601","641",-5.82192234000943,"bw",-9.21034037197618,-9.21034037197618,-9.21034037197618
"602","642",-7.22241725136064,"bw",-8.94567107383348,-3.23780383475372,-6.31498107256898
"603","643",-6.36939937723394,"bw",-9.2094195960205,-5.15456340290334,-8.76079458463284
"604","644",-7.24912532728877,"bw",-9.21034037197618,-9.18338690241593,-4.45588848327234
"605","645",1.69079353727696,"bw",2.27182687173701,-2.53628415824777,1.07878366103392
"606","646",-6.02122954755542,"bw",-9.21034037177278,-9.21030144273394,-9.21034028154619
"607","647",-4.46793346928793,"bw",-8.55137064321782,0.472562851640659,-2.76129276249793
"608","648",-5.66802996400729,"bw",-9.21034037197618,-9.21016858673211,-9.21034037197618
"609","649",-1.59318405410345,"bw",-0.0258307600345215,0.497193122034694,0.167292517774194
"610","650",-5.94295685842,"bw",-9.21034037197618,-0.450828649859695,-9.21007240788177
"611","651",-0.886691229724891,"bw",1.52084710698557,-1.67557771493865,-0.187776407476918
"612","652",-7.1264750494776,"bw",-2.00026074380539,-9.21033213101014,-9.12509889366692
"613","653",0.78809306468873,"bw",2.43449892807747,-4.81737379726397,-0.273910668367863
"614","654",-7.61368974092214,"bw",-9.21034037197618,-4.58438764680556,-2.14131694539792
"615","655",-2.91391605949611,"bw",0.105350515607826,-1.99289694027965,1.86378551376893
"616","656",6.57452667566004,"bw",2.04447476768384,1.45863827824306,2.06268950659211
"617","657",-5.66697256173138,"bw",-9.21034037197618,-9.21029040322464,-9.21034037197618
"618","658",-8.33753067212548,"bw",-1.36609965383437,-2.84800216152966,-2.39054237175319
"619","659",-5.82192234000943,"bw",-9.21034037197618,-9.21034037197618,-9.21034037197618
"620","660",-6.51042277785226,"bw",-9.21034037129588,-9.21034033853618,-9.21034037034518
"621","661",-2.16809836059092,"bw",-2.50152395561144,1.69765023466689,1.4386733159648
"622","662",-2.54879371056356,"bw",-9.21034037197618,1.04700315493488,-9.2103402042762
"623","663",-4.52762763904289,"bw",-3.94248221291285,1.07435374852133,-0.493804639431688
"624","664",-7.13612736234024,"bw",-9.12298905277346,-0.912547745595321,-4.72440427391179
"625","665",-1.1348575339068,"bw",0.690192820733509,-1.32013215886622,1.88054843204211
"626","666",-5.49983851855419,"bw",-9.21034037197618,-0.23749605753861,-9.2103386279777
"627","667",-5.96130006740264,"bw",-9.11140042412128,-9.20935295962825,-9.20673288678256
"628","668",-6.63279691296525,"bw",-9.21034037197618,-8.67337927460557,-6.25855998595137
"629","669",-4.59986698815333,"bw",-9.21034037197618,-9.21034037197577,1.69874831131316
"630","670",-6.94785200902883,"bw",-9.21034037197618,-9.20698102091977,-6.20267952755692
"631","671",-3.68785453731764,"bw",-9.18495531625307,0.947052693524196,-3.41124771751566
"632","672",-5.97383897540946,"bw",-9.21034037197618,-8.88550703389361,-9.19820431275668
"633","673",-7.06325264803005,"bw",-9.21034037197618,-2.47301760539559,-9.20980311632385
"634","674",-5.35599144121256,"bw",-9.21034037197618,-7.04874297228311,-9.21034037197618
"635","675",-1.93787933992932,"bw",-9.21034037197618,1.5295501927493,-9.21034037197615
"636","676",-5.82192234000943,"bw",-9.21034037197618,-9.21034037197618,-9.21034037197618
"637","677",-4.83809339607116,"bw",-9.21034037197614,-9.21034037197618,1.3132127851183
"638","678",-6.74194891495505,"bw",-9.21034037197618,-1.50013517754365,-9.21034025727619
"639","679",6.74759531338978,"bw",3.01308582588144,1.47592937669121,1.79526996688118
"640","680",-7.6537260042146,"bw",-9.21034037197618,-3.70176207994495,-5.70658640198894
"641","681",-2.10213722729274,"bw",-9.21034037197618,1.9054006057171,-9.21034037197618
"642","682",-5.73502575015453,"bw",-9.21034037197618,-8.39100116617848,-9.20103381265588
"643","683",-2.11033695498151,"bw",-9.21034037197618,1.92060699297834,-9.21034037197618
"644","684",-4.77212706312473,"bw",-9.21034037197618,-9.21034037178678,2.14031319180579
"645","685",-1.96187498482977,"bw",1.16754738070808,-6.31111899880304,-2.6011259087807
"646","686",5.88376608863944,"bw",1.66526989139258,1.35894885772441,2.08182619612998
"647","687",-4.40163471433028,"bw",-9.21034037197618,-9.21011399760079,1.78910595176249
"648","688",-2.95629669579749,"bw",-3.6400892899445,1.82601595790615,0.966641582300876
"649","689",-2.78136092234885,"bw",-0.0436384570298295,0.138108402117629,-0.0142003494011414
"650","690",-5.82215556577248,"bw",-9.21034037197618,-9.21034037197614,-9.21034037197618
"651","691",-7.23513982356788,"bw",-5.82764646187859,-9.20463567474747,-9.04118848923087
"652","692",-5.82192234000943,"bw",-9.21034037197618,-9.21034037197618,-9.21034037197618
"653","693",-5.7762532091975,"bw",-9.21030974244527,-8.66395457281164,-9.20392996262486
"654","694",-7.3905004735743,"bw",-7.36251567881518,-0.640744501766897,-3.23018958476847
"655","695",-6.17656841073063,"bw",-9.21034037197618,-5.66129786305005,-9.09781558113434
"656","696",0.800453168336548,"bw",0.0247901688072187,0.761786656276633,2.06889866030328
"657","697",-6.02626878785199,"bw",-9.21029847285396,-8.97353062989816,-9.20628859153608
"658","698",-2.76086994623399,"bw",-2.71160651730499,1.81565501627859,0.92746803246428
"659","699",-5.33263162710413,"bw",-9.21034037197618,-8.54914836265779,-9.21034037197613
"660","700",-9.25861237822988,"bw",-4.91905935060905,-3.46797841535251,-4.39167301172569
"661","701",-8.64605270676058,"bw",-1.64558335907045,-2.72326536690869,-2.54109612143938
"662","702",-6.63411247370264,"bw",-9.21034037191542,-9.21034037197618,-0.479650006297541
"663","703",-6.00388029411419,"bw",-9.01009704054831,-5.94496271345656,-8.05126033654098
"664","704",-7.53631774414068,"bw",-4.96987730162409,-9.20853999363033,-9.06606688281976
"665","705",-5.82192234000943,"bw",-9.21034037197618,-9.21034037197618,-9.21034037197618
"666","706",-6.14038862872287,"bw",-9.20119333397337,-9.21034037197618,-9.21034037180878
"667","707",-5.82192234000943,"bw",-9.21034037197618,-9.21034037197618,-9.21034037197618
"668","708",-3.12334515782317,"bw",-8.94413733120153,2.20850515613045,-1.09661428600544
"669","709",-6.2567926955448,"bw",-9.20952790211922,-9.21021318006542,-9.21023017804776
"670","710",-6.64384158043885,"bw",-9.21034037197618,-9.21034037113838,-0.0518197487297965
"671","711",0.0829475581610451,"bw",2.27922434308069,-9.19524488433085,-2.16892870818137
"672","712",-5.71954612456638,"bw",-9.21034037180938,-9.21034037197611,-9.21034037197581
"673","713",-5.59195821932227,"bw",-8.59315673022328,-7.02383975800294,-8.183940417422
"674","714",-5.82398848439544,"bw",-9.21034037197618,-9.2103403719758,-9.21034037197618
"675","715",1.24688149203844,"bw",-0.0100503358535015,1.89943230940175,2.16917940675386
"676","716",-4.86559501636739,"bw",-9.21034037197618,-9.21034014797621,1.81598042589081
"677","717",0.400814472636006,"bw",-0.122619713547911,1.46605241289817,0.91232287031277
"678","718",-0.0147976709748052,"bw",1.94033750783539,-2.16021785170712,-0.0950802062502699
"679","719",-5.82192234000943,"bw",-9.21034037197618,-9.21034037197618,-9.21034037197618
"680","720",-6.77374306957804,"bw",-1.64610189680569,-9.21032992203078,-9.08010189505245
"681","721",-5.82192234000943,"bw",-9.21034037197618,-9.21034037197618,-9.21034037197618
"682","722",-6.27548603056078,"bw",-9.21034036979018,-5.08046780369494,-9.20371735266795
"683","723",-9.30918304625644,"bw",-2.81641522578033,-3.36534772876846,-3.38198316273835
"684","724",-5.96211277339586,"bw",-9.21034037197618,-8.87087262637517,-9.09282403854834
"685","725",-6.28162201520291,"bw",-3.51257596964554,-1.15963699050588,2.07795293425338
"686","726",-6.06087375521693,"bw",-9.15517060084271,-9.20929991344094,-9.20745553711655
"687","727",1.79788844733972,"bw",0.488027715089987,1.18543198062067,0.871753511106419
"688","728",-5.70057126365688,"bw",-9.21034037197618,-9.20606353071394,-9.21034037197616
"689","729",-6.64453190521155,"bw",-9.02021600311921,-0.582321625471061,-4.33133352035836
"690","730",-6.5518058025793,"bw",-9.21034037197618,-9.2102434166765,-0.484345990961612
"691","731",-6.78323536878065,"bw",-9.21034037197618,-7.54471117989234,-1.88585039262765
"692","732",-6.38095562633877,"bw",-9.21034037197618,-1.78856457833154,-9.21034037197618
"693","733",-2.64393681405579,"bw",-9.21034037197618,1.92892383792941,-9.20774274872267
"694","734",-6.16116126801849,"bw",-9.21034037197618,-9.21034037173328,-9.21034037197618
"695","735",-7.81240614696318,"bw",-3.23907853218572,-9.21034037197618,-8.83409812254492
"696","736",-6.8296589012789,"bw",-9.21034037197618,-6.26642784715199,-6.03771793162544
"697","737",-6.67369572312729,"bw",-9.2103305210247,-0.825764705174784,-7.42426368588363
"698","738",-3.98390249462179,"bw",-9.21034035592618,-8.68904969836243,1.88965720750451
"699","739",-2.53940812308257,"bw",-9.21034037197618,1.24878363285965,-9.21030747251738
"700","740",-6.60891322152888,"bw",-9.21034037197618,-9.20988447591259,-0.554081132436948
"701","741",-2.69280017743661,"bw",-9.21034037197618,0.720810984542419,-9.21034037197618
"702","742",-7.30943201340602,"bw",-9.21005271335389,-9.21034037197618,-1.81461876337414
"703","743",3.00537202487756,"bw",1.64327879560282,-0.0726782254979855,1.90331575142289
"704","744",-5.82198065647494,"bw",-9.21034037197618,-9.21034037197617,-9.21034037197618
"705","745",0.240478364504322,"bw",2.27717497305683,-9.2076579728277,-4.49094904189807
"706","746",-5.82192234000943,"bw",-9.21034037197618,-9.21034037197618,-9.21034037197618
"707","747",-5.76265589362226,"bw",-9.21034037197618,-8.45327986567258,-9.21034011257622
"708","748",1.32579271176474,"bw",1.99851615289125,-0.903621328773492,0.50144173245565
"709","749",-6.19094356913605,"bw",-9.21034037197618,-6.12934825447137,-9.21032491209569
"710","750",-2.52514366378151,"bw",-9.20024153729877,0.596691344742316,0.750047227692757
"711","751",-7.91285775855082,"bw",-2.39382357342832,-9.07913668636084,-7.15314443924367
"712","752",6.80020175658235,"bw",2.41413541223078,1.79957881828019,2.07079173977217
"713","753",-5.92102079990043,"bw",-9.21034037197618,-8.80174682919349,-9.21034035680618
"714","754",-6.77727114709508,"bw",-9.21034026787619,-3.14400029022309,-9.08115591359536
"715","755",-6.1435799616601,"bw",-9.21034037197618,-9.21034013967621,-9.21034037197618
"716","756",-3.51141782612124,"bw",0.710053460626304,-5.55994190468053,-2.55863930776551
"717","757",-5.82192234000943,"bw",-9.21034037197618,-9.21034037197618,-9.21034037197618
"718","758",-6.12402958997737,"bw",-9.21034037197568,-9.21032393211132,-9.21034036747118
"719","759",0.854899126334849,"bw",-0.0560413908836249,1.71147089799922,1.35482949348931
"720","760",-5.52919918767618,"bw",-9.21034037197618,-0.27325333579966,-9.21033997207626
"721","761",-3.05002750922094,"bw",-7.24336788519147,1.70057576380544,-0.306117634607466
"722","762",-8.29552679420862,"bw",-7.03877554142054,-3.08938382963545,-4.91101622906754
"723","763",4.78116115862296,"bw",1.97367816710748,0.390080706064417,1.9187004426692
"724","764",-6.95400179805547,"bw",-9.21034037197618,-2.21916348485497,-9.21033893997721
"725","765",-6.1676345566934,"bw",-9.20962512782427,-9.09817307510544,-9.20339951554686
"726","766",-6.84315213419747,"bw",-9.21034037197618,-3.40400130899489,-9.21034037115508
"727","767",-6.27855120097795,"bw",-9.21034037197552,-9.10427010824912,-9.2103353879886
"728","768",-5.82192234000943,"bw",-9.21034037197618,-9.21034037197618,-9.21034037197618
"729","769",-6.01184203543351,"bw",-9.21034037197618,-9.21033818697857,-9.21034037197618
"730","770",-5.74265439786264,"bw",-9.21034037197618,-9.12489689015871,-9.21034037197618
"731","771",-6.16036982018479,"bw",-9.21034037197618,-9.21034036140618,-9.21034037197618
"732","772",-6.04063904482642,"bw",-9.21034037197618,-6.15539623879035,-9.2103401703762
"733","773",-5.82247607662737,"bw",-9.21034037197618,-9.21034037197608,-9.21034037197618
"734","774",-8.04383768826986,"bw",-3.31181382052747,-7.7802683885104,-6.10575369351011
"735","775",-5.82192234000943,"bw",-9.21034037197618,-9.21034037197618,-9.21034037197618
"736","776",-5.8444133222363,"bw",-9.21034037197618,-9.21034037197198,-9.21034037197618
"737","777",-5.82192234000943,"bw",-9.21034037197618,-9.21034037197618,-9.21034037197618
"738","778",1.32273170326491,"bw",2.40785460451112,-4.31399422428205,0.370942674069741
"739","779",-3.96185810330124,"bw",-9.21034037197618,0.239095637528137,-9.21034037197618
"740","780",-5.78998615037652,"bw",-9.21002472179894,-7.06745465773981,-9.12370406531664
"741","781",0.00508772939848112,"bw",-0.659518999579961,1.71651495401799,1.95375075954876
"742","782",-0.0620511845848561,"bw",2.05272532047396,-9.19936086793317,-4.46714888809072
"743","783",-3.28949652099897,"bw",-9.21034037197618,1.39279816545856,-5.36616803345621
"744","784",-5.72020865753653,"bw",-9.21034037087318,-9.21034037197613,-9.21034037197538
"745","785",-5.82192234000943,"bw",-9.21034037197618,-9.21034037197618,-9.21034037197618
"746","786",-5.82192234000943,"bw",-9.21034037197618,-9.21034037197618,-9.21034037197618
"747","787",-5.82192234000943,"bw",-9.21034037197618,-9.21034037197618,-9.21034037197618
"748","788",-5.82192234000943,"bw",-9.21034037197618,-9.21034037197618,-9.21034037197618
"749","789",-5.8219417795739,"bw",-9.21034037197618,-9.21034037197618,-9.21034037197618
"750","790",-5.82192234000943,"bw",-9.21034037197618,-9.21034037197618,-9.21034037197618
"751","791",-5.82192234000943,"bw",-9.21034037197618,-9.21034037197618,-9.21034037197618
"752","792",-5.82192234000943,"bw",-9.21034037197618,-9.21034037197618,-9.21034037197618
"753","793",-6.10674000256163,"bw",-9.21034037197618,-9.21033963107646,-9.21034037197611
"754","794",-4.38509337628892,"bw",-9.21034037197618,-9.21034037197514,2.4318662160058
"755","795",-6.54178173921515,"bw",-7.0546324748429,-9.21015118987225,-9.19564882323319
"756","796",-5.82192234000943,"bw",-9.21034037197618,-9.21034037197618,-9.21034037197618
"757","797",-6.04857241510125,"bw",-9.21034037197618,-8.96434003851905,-9.2103402023762
"758","798",-5.82192234000943,"bw",-9.21034037197618,-9.21034037197618,-9.21034037197618
"759","799",-2.89897703226639,"bw",-1.59553500726511,1.1669249288502,0.058363243296915
"760","800",-3.59096397454617,"bw",-9.21034037197618,0.401524018874902,-9.21034037195548
"761","801",-3.35577179201737,"bw",-9.21031821222171,1.49449833032928,-3.69248594970805
"762","802",-5.39304776978086,"bw",0.162203879874854,-2.05338400736055,-1.17895504135065
"763","803",1.42444253115298,"bw",1.65653139996618,-0.336872316642553,0.530687072861546
"764","804",-6.68174866197181,"bw",-9.21034037197618,-1.26054315581433,-9.20740767653442
"765","805",-6.21112837931367,"bw",-9.21034037194614,-9.19872805664802,-9.21033838497816
"766","806",-6.54182987872229,"bw",-9.21034037197618,-1.14570389620196,-8.98943933321475
"767","807",-1.92781788240103,"bw",-9.21034037197618,1.27091156757633,-9.21034037197618
"768","808",-6.48155321346381,"bw",-9.21034037197618,-5.17911311906956,-9.21032951203515
"769","809",-1.95555962578879,"bw",-9.21034037197618,1.58373028489029,-9.21034037197618
"770","810",-5.55673473273763,"bw",-9.21034037197618,-9.21034014827621,0.881740694114749
"771","811",-6.67391961387303,"bw",-9.21034037197451,-4.3949092605049,-9.20853100985951
"772","812",-1.6989871509069,"bw",-9.16716594659239,0.96321248498356,0.706112762949968
"773","813",-6.38074889912041,"bw",-9.21034037197618,-3.43454736134371,-9.21034037197617
"774","814",-1.51179054952398,"bw",1.24591097568899,-8.63198694941832,-3.87569107618076
"775","815",-8.06145927604051,"bw",-3.43578882643177,-8.81472359992283,-7.14170702901295
"776","816",-3.54369571302931,"bw",-9.21034036101618,1.87718764917793,-2.80511191394534
"777","817",-5.98628255328495,"bw",-9.21034037197618,-9.21034037193932,-9.21034037197618
"778","818",-5.70672217764525,"bw",-9.21034037197618,-8.2260172297102,-9.21034035834618
"779","819",-6.56440732205238,"bw",-9.21033968197642,-4.08459227077942,-9.10787404043169
"780","820",-6.16116524764926,"bw",-9.21034037197618,-9.21034037178518,-9.21034037197618
