"","Area","Perimeter","MajorAxisLength","MinorAxisLength","Eccentricity","ConvexArea","Extent"
"1",34693,973.499,253.0085607,140.6731574,0.772498382,37106,0.786717509
"2",46921,1083.805,327.9269817,214.7017435,0.761656562,45068,0.765817012
"3",51952,689.385,377.785188,199.2147674,0.91159909,50313,0.631526413
"4",75597,1207.427,405.2740924,256.6397333,0.808320036,76285,0.69418302
"5",42176,923.171,326.3537777,158.8323161,0.81149348,43579,0.69369526
"6",50485,963.68,326.9902143,154.2597522,0.829710948,36447,0.762826797
"7",58679,1092.096,410.8013976,195.8776914,0.908609896,61348,0.720090817
"8",22213,704.077,215.7230398,139.7834891,0.660596815,9637,0.73425479
"9",46917,1050.897,343.0465793,166.2509847,0.820878307,47835,0.739471013
"10",75774,1279.397,404.5550411,250.2186657,0.785173146,90708,0.803193172
"11",70388,1262.092,387.2480544,249.1257972,0.798669107,70735,0.742806557
"12",30092,587.306,240.5241489,186.4163656,0.733634077,30442,0.705229302
"13",32047,562.439,221.6854809,195.1988395,0.725200263,36997,0.705091353
"14",54908,761.846,374.263826,190.0629375,0.882082603,54927,0.578024904
"15",48383,880.858,325.3347366,174.3598234,0.89300928,47559,0.626004023
"16",68534,1126.083,433.8180634,171.8612638,0.913499266,68403,0.766667696
"17",72373,862.569,397.5012239,214.3130154,0.854571782,74221,0.773458114
"18",47134,756.53,367.8744005,142.4438538,0.878249451,47228,0.632442654
"19",29970,924.25,250.9339237,175.326746,0.747788362,45981,0.713317977
"20",44721,944.183,342.1866182,148.403102,0.840516858,47539,0.647555728
"21",59640,1110.819,406.5905618,210.0744139,0.862377223,58157,0.613189704
"22",54974,798.246,363.0685395,171.6476771,0.86606879,55063,0.63224162
"23",45297,955.508,289.1481738,176.7771706,0.800654495,42154,0.677953995
"24",55529,905.28,399.404667,188.0395485,0.866828996,60214,0.797640958
"25",63025,1233.165,433.5856781,223.606157,0.869065152,61345,0.786159386
"26",57991,1057.816,390.5595374,175.4427948,0.891035884,45836,0.622752396
"27",76327,1173.442,398.6094873,260.1898224,0.81881612,62010,0.803747166
"28",53342,977.369,346.9909792,156.6608243,0.901540022,54141,0.631471496
"29",48264,694.672,366.9952782,190.3313435,0.901738313,53141,0.668242012
"30",46646,1012.252,351.1981688,197.5584257,0.824881581,47116,0.815574593
"31",46619,859.756,308.9656058,180.0707659,0.881896378,53450,0.703576757
"32",55558,844.981,391.1123289,194.1268812,0.903203986,53110,0.716383915
"33",56297,995.726,394.9999263,183.4683432,0.843500278,53613,0.680435931
"34",51685,796.988,352.1157118,178.5873704,0.882160431,53657,0.754228728
"35",57999,750.345,402.8090617,183.4806656,0.881303749,57672,0.73212007
"36",53016,881.937,335.4041637,226.9448259,0.808804815,56369,0.621362193
"37",80913,881.392,403.0249544,226.1989673,0.768981731,77770,0.799672662
"38",56265,1233.63,362.3920776,174.8493468,0.836877981,57544,0.753600402
"39",50614,1127.36,344.0970513,170.8718847,0.830210417,50175,0.787398304
"40",45678,652.879,286.5213545,184.6825427,0.733616939,49567,0.745622973
"41",35576,912.731,218.915944,197.8827035,0.688388296,38264,0.771520294
"42",26297,426.157,175.5127928,126.4577511,0.697027375,38923,0.744973156
"43",56125,865.283,379.6710196,188.3372049,0.860294209,56852,0.733649749
"44",41196,804.25,327.8122352,152.8473559,0.848107195,45264,0.655121438
"45",66997,1036.181,443.744426,221.6702862,0.857868469,69628,0.746847697
"46",50892,1020.694,365.6219606,155.1813961,0.870434193,38601,0.82938779
"47",41313,863.641,332.1461639,140.9518933,0.868007568,39413,0.800748025
"48",51514,1108.336,377.2105493,150.1710479,0.832180777,45574,0.82499138
"49",78306,1178.206,438.8931843,258.7656131,0.778588452,80505,0.775106333
"50",53845,1026.775,388.9798908,176.8157406,0.864043983,55500,0.769410139
"51",64292,1259.471,371.5728164,217.1852698,0.851373592,65087,0.823133103
"52",53719,792.441,414.4833456,210.7595804,0.920555111,59251,0.793743949
"53",41990,711.106,263.1654224,184.1983605,0.742918118,27769,0.741376352
"54",46753,1070,317.0127548,161.8771407,0.848322616,51546,0.790733716
"55",72341,890.939,384.89029,242.8197075,0.75507404,73134,0.757898012
"56",51305,786.784,375.8738867,171.0868921,0.881503364,51461,0.742481367
"57",63728,1068.73,376.9134584,245.8784162,0.76740532,64090,0.769554795
"58",53238,784.909,384.253393,151.4062712,0.931022828,54436,0.584870068
"59",43768,781.991,275.7542583,210.2864083,0.733038154,41973,0.761733782
"60",53144,1171.431,368.305246,201.450109,0.891834534,53694,0.761352985
"61",59587,833.379,394.3018576,222.999919,0.880002521,59913,0.775406962
"62",69072,1112.193,445.0984353,193.4877271,0.917420528,54226,0.802335294
"63",43830,765.527,319.0478186,163.6146833,0.790642144,44905,0.731264198
"64",37556,939.688,246.8757882,160.9690138,0.72553874,40313,0.749323159
"65",41506,592.127,275.2881026,158.0118009,0.722735109,43986,0.807024332
"66",54982,1133.428,348.1801379,187.909273,0.854338485,57007,0.655776356
"67",44697,1027.864,309.8284455,216.530011,0.786132543,60597,0.794259951
"68",57610,1213.927,362.3716587,226.6677571,0.839460492,45071,0.801348584
"69",60366,801.984,394.8217816,197.6158697,0.893250175,64636,0.671673659
"70",86251,952.554,491.2933661,259.7027518,0.836718008,73859,0.743559386
"71",62645,1160.904,384.6604211,191.0318779,0.793068248,61710,0.778510008
"72",62562,871.599,426.170981,202.4349847,0.928845062,60986,0.797316364
"73",31183,565.094,284.5589842,192.0072754,0.700404649,50315,0.763109963
"74",48543,787.393,387.4534479,179.8355784,0.879420818,49401,0.656174207
"75",30084,861.457,235.7478259,126.5916158,0.790205582,28202,0.683549333
"76",44663,775.136,312.6875773,194.3811878,0.831510535,45151,0.586138231
"77",48231,832.204,330.6935231,157.0931639,0.84770527,35525,0.782536792
"78",76284,1291.526,402.5956338,234.1473082,0.806805398,77948,0.756448715
"79",47826,903.278,307.9063096,231.859718,0.687734804,48048,0.724657987
"80",62386,813.473,429.9620489,190.4611049,0.884383359,64200,0.795652827
"81",48991,908.483,356.9493965,154.3334364,0.902551961,50140,0.653124584
"82",76150,956.223,411.9255671,211.5325347,0.859763353,74998,0.758281348
"83",32281,657.063,243.5720691,171.2193479,0.68611276,32819,0.736232843
"84",48480,714.84,336.1930184,142.8388757,0.84609922,45746,0.706621616
"85",25769,727.652,189.442597,138.1620557,0.66930709,25461,0.793701556
"86",49711,697.045,359.8905157,176.5827292,0.833167259,52150,0.718386372
"87",51522,761.249,334.9931407,163.1406073,0.878378422,50823,0.744429269
"88",42076,991.887,296.7048838,177.246285,0.775785079,44330,0.75833589
"89",60109,1190.971,409.6019487,167.7398927,0.903046156,58110,0.738933885
"90",47798,1093.411,373.6579311,172.3627846,0.90075072,48180,0.694248633
"91",65001,1155.689,391.2031563,240.0826423,0.795256374,65414,0.797554906
"92",63635,865.366,380.2569318,229.1763524,0.874497674,64467,0.717505256
"93",63070,854.6,377.1008271,194.5564251,0.793938314,64254,0.693831871
"94",73730,1017.004,414.4465876,219.6570472,0.802282462,73184,0.774167334
"95",52330,941.603,390.7761338,169.6933633,0.825581237,51754,0.79515519
"96",54296,1110.617,378.0537286,160.1543208,0.883506762,54615,0.725972469
"97",30845,801.113,214.7667821,184.1621663,0.67540655,31808,0.724001494
"98",51935,796.709,320.6198878,181.7410767,0.786903689,53934,0.791656163
"99",39045,906.244,244.5810135,153.839001,0.733837737,34501,0.776817153
"100",54055,724.648,391.9582022,195.1877603,0.849184212,54266,0.702670794
"101",64593,925.416,425.9931378,195.5916031,0.867071545,50411,0.716871098
"102",31427,831.734,223.8462997,145.3625559,0.72263792,31771,0.791913308
"103",58874,813.869,422.2761559,191.0947405,0.917949778,59681,0.658834015
"104",54904,1079.155,356.2309218,196.9711766,0.916149607,54668,0.794021256
"105",26763,895.829,226.0277844,179.2714204,0.689897654,44158,0.765066958
"106",50954,848.557,343.2316715,196.9999667,0.844393028,55223,0.672624234
"107",42646,1142.435,319.5335732,140.5521347,0.878400188,46485,0.781267366
"108",42251,688.993,270.4880462,163.0527596,0.806716633,28503,0.689593547
"109",45937,814.691,324.1691629,183.7621634,0.829755521,32582,0.76724199
"110",67850,1150.675,420.3588378,213.1726798,0.900564857,64988,0.777837236
"111",45054,1113.747,324.8514071,180.004182,0.914225755,43239,0.7004023
"112",60669,862.009,410.773693,207.6080799,0.911467484,58525,0.763796519
"113",61715,909.509,385.4493467,220.386812,0.887771485,64111,0.623827485
"114",57573,978.491,399.1578793,186.3103199,0.937797104,55501,0.585669724
"115",51036,984.62,351.9858904,207.949991,0.817958645,46653,0.732608951
"116",63249,1072.323,389.2899114,223.9602591,0.843472148,63506,0.767198496
"117",39985,542.23,286.0748231,196.2707172,0.762084716,37805,0.714168378
"118",43470,751.127,301.7643712,205.0876336,0.76886299,30663,0.75401627
"119",65914,1232.319,424.6817427,202.507623,0.828470655,69097,0.781147006
"120",50422,853.499,349.8624231,158.484433,0.910064663,49474,0.727517913
"121",65851,1242.104,374.8664177,251.5958719,0.805761903,54754,0.776251924
"122",28170,656.681,240.4013943,128.2889776,0.645050804,27408,0.741594887
"123",51765,796.347,358.1753007,181.6937099,0.84160582,53888,0.765969797
"124",50053,1040.589,350.3770881,175.578295,0.910468829,50506,0.693754797
"125",52072,716.462,381.1245486,203.0005152,0.845901348,53570,0.743254967
"126",56955,1209.013,400.6012987,175.671684,0.874239959,58041,0.782886964
"127",84189,1184.999,410.4825329,228.349619,0.845857856,83300,0.787431502
"128",33002,704.825,236.6032719,168.6509903,0.6299771,33977,0.797612587
"129",49116,1098.672,379.8305605,190.8864855,0.834234032,51174,0.811390152
"130",27855,620.118,226.9961792,137.6617223,0.805322941,31472,0.703541657
"131",47407,814.106,360.9819431,167.5578922,0.851704137,49263,0.679483213
"132",68185,867.368,420.569432,175.0875846,0.893172899,69064,0.655880104
"133",35577,956.093,275.6942238,184.3165194,0.818545135,40211,0.740512936
"134",76025,972.199,432.9274091,264.8708344,0.86086316,76701,0.774524407
"135",55136,758.573,409.9036408,190.0615607,0.898958372,56181,0.699881249
"136",40155,897.6,252.2148114,206.7999056,0.685486929,34158,0.719067286
"137",39530,789.155,303.6396605,198.2564875,0.756012534,38690,0.791170133
"138",41073,731.806,306.1005483,187.9062057,0.817198918,39730,0.628339233
"139",39373,1002.758,295.9837145,171.7852977,0.732404438,38112,0.78980268
"140",66078,1062.774,402.6664701,218.6172758,0.885982571,66734,0.632301055
"141",62518,1097.618,391.308955,201.0452452,0.907505378,63488,0.752365828
"142",57226,1116.258,413.8824719,188.2807333,0.903253047,59580,0.671736468
"143",34665,833.2,229.8426539,177.0751429,0.719515212,50597,0.769637544
"144",50111,985.125,395.3005829,196.2429467,0.865817547,64768,0.596053332
"145",62280,1047.9,382.8480685,189.619999,0.877002072,61280,0.750919737
"146",30518,484.142,235.6936748,175.110674,0.700317458,49714,0.784727324
"147",55577,785.848,405.8463672,160.0263836,0.898927302,55661,0.628097212
"148",34399,515.697,276.2575118,180.2828131,0.722864135,33740,0.747084638
"149",51716,943.584,367.3243434,167.1039871,0.798051261,48657,0.651991434
"150",56469,1203.136,365.6829826,167.7592481,0.876558389,56305,0.718437995
"151",52570,861.999,379.412698,193.8142368,0.931212721,51151,0.756327651
"152",37664,889.161,246.436262,203.9411366,0.757179192,34447,0.739342331
"153",40510,831.055,299.2546832,207.162053,0.746330817,39169,0.763461164
"154",40191,1031.557,315.2411132,163.2464699,0.867754343,27237,0.789627391
"155",51463,961.837,354.2853891,193.2726473,0.930263133,47920,0.723418104
"156",40082,721.106,281.3486772,169.5506695,0.768009462,40448,0.806101913
"157",56092,795.047,374.120581,211.9339327,0.860042963,53513,0.744649414
"158",44049,736.993,312.7135975,162.8626927,0.881941872,44699,0.825705922
"159",35975,1001.108,276.5924338,141.5396004,0.854397183,36969,0.630281162
"160",67180,1201.43,426.1239989,196.908444,0.890491656,65591,0.626891716
"161",58836,939.44,355.0429444,207.3807271,0.767433845,57799,0.802015712
"162",51836,1135.536,383.8188657,210.7277007,0.902687658,51958,0.642174345
"163",53701,1097.682,331.0926085,165.3963561,0.778316374,53592,0.798962446
"164",57790,931.579,392.535282,186.6182484,0.888055861,70655,0.713287976
"165",61456,1281.621,427.4252033,174.6130333,0.864623449,62597,0.723219341
"166",43301,712.065,295.3464199,187.1889416,0.764071727,46116,0.764070261
"167",38550,971.373,298.6190788,173.5655621,0.699750238,40803,0.718148738
"168",59179,896.302,386.4949414,170.2586141,0.87123921,60610,0.615852621
"169",46235,817.967,325.0888758,175.3042452,0.746912133,45677,0.764784375
"170",69022,946.16,394.2139927,248.2593454,0.813412575,58934,0.742507717
"171",62034,1110.072,393.4816657,177.0236636,0.866109614,47035,0.662376218
"172",53882,1132.774,338.0346485,195.5236464,0.893014471,50197,0.611391739
"173",36421,838.784,246.2564414,178.019283,0.744376889,35202,0.721682796
"174",62746,1055.464,414.8190648,232.692762,0.841215287,63397,0.721093456
"175",40206,1014.567,340.8669854,135.0809997,0.930784314,43503,0.609306834
"176",107121,1348.859,503.2134017,268.9025695,0.785752625,111227,0.703728887
"177",44911,725.018,333.7753609,177.1284672,0.919609991,48673,0.707491142
"178",62537,865.682,394.9977561,232.3016165,0.793714065,60807,0.733767328
"179",49746,956.929,387.0064681,202.5074189,0.873864734,39553,0.802818408
"180",29998,582.593,236.6538928,170.7686729,0.731128503,30141,0.713138216
"181",48644,861.366,371.8366232,170.869713,0.864124339,50735,0.603081366
"182",61841,814.359,418.2120817,196.7660993,0.833832052,60862,0.711716534
"183",37619,630.637,248.3667557,176.0537852,0.733807354,38288,0.714351524
"184",61308,817.138,368.5358707,201.142821,0.808960444,76001,0.660757218
"185",32767,512.124,245.3341408,149.4709037,0.785441131,32517,0.787679776
"186",40571,664.717,354.3656144,178.8737883,0.906564251,43675,0.821289749
"187",38916,577.859,318.8780192,139.299155,0.802758324,37860,0.719182646
"188",26737,735.281,251.2811852,158.9833316,0.752044591,30852,0.786942839
"189",55269,900.727,369.7112703,205.4387525,0.859955692,53357,0.821454983
"190",54730,1024.374,394.7308144,183.6550217,0.903719335,57093,0.734491254
"191",52572,996.319,379.8467574,158.250728,0.838720109,54074,0.624664932
"192",53933,746.843,388.5480612,173.2234215,0.891420111,54800,0.820216057
"193",49874,1060.789,327.5386262,170.2471225,0.825402252,45989,0.771992705
"194",26718,850.374,248.4660865,133.2667382,0.757965882,11340,0.704084764
"195",49407,785.547,316.857613,194.0572502,0.790871607,51631,0.742976128
"196",53226,766.686,373.7696547,167.9916426,0.895965718,43069,0.627837229
"197",47570,1100.401,324.9930779,168.3421246,0.899655306,48228,0.817031917
"198",55806,980.728,405.0340726,170.7057156,0.892873621,54306,0.712610744
"199",59973,1151.558,375.794984,163.8654456,0.929353646,58469,0.821865464
"200",47473,1074.551,279.4984705,227.0263548,0.814867175,33403,0.806305019
"201",53667,853.464,363.9941271,215.1988312,0.831117314,58324,0.729697612
"202",35087,678,244.916018,199.8340356,0.734594205,54273,0.810679648
"203",32869,588.429,242.7642887,178.5012119,0.776087988,47377,0.788887441
"204",50262,685.117,321.3526557,178.7065988,0.755528758,67243,0.774185699
"205",31659,743.442,243.6758925,164.7039963,0.789465085,34382,0.763519297
"206",85409,1386.246,433.3715731,226.1585446,0.793192883,90578,0.76640616
"207",61004,827.09,384.0677164,166.0762938,0.868231276,55586,0.771377697
"208",37089,733.185,316.9702382,170.1492159,0.837160412,38286,0.678512861
"209",83050,1410.768,442.5637412,236.1846056,0.804325867,82529,0.808640711
"210",42219,869.439,297.9530838,191.5885851,0.809665087,42046,0.803911852
"211",40518,675.471,304.8547314,154.6760045,0.804517669,42994,0.784535288
"212",54553,1115.501,375.4699514,194.4929963,0.86416131,52754,0.614408691
"213",53942,745.566,343.4831927,179.4289389,0.90544198,51974,0.73644383
"214",74842,1355.658,441.0825141,203.5500361,0.852549998,80394,0.839505368
"215",52564,758.181,405.9901791,163.4391559,0.8590792,55497,0.741867
"216",48532,1038.412,406.523353,154.4385099,0.869556183,68074,0.659180857
"217",56591,786.678,386.1899519,164.8162505,0.874760552,71250,0.660042935
"218",51750,936.702,382.5641814,175.8249648,0.888533563,54212,0.648408945
"219",46783,984.217,347.7494943,201.1644155,0.921235555,50725,0.621437911
"220",36679,874.135,296.2772403,171.4413783,0.894866794,54650,0.636084934
"221",61025,723.248,386.7347553,219.0161192,0.794653559,62117,0.810400504
"222",39380,967.416,275.8162586,160.4834999,0.680037492,33385,0.755610504
"223",67015,835.734,412.1724235,208.123725,0.824968749,79961,0.605236851
"224",48686,1088.873,335.7120579,178.9925671,0.86141742,47789,0.805754742
"225",42039,868.269,271.9119726,166.5662152,0.703328216,41646,0.746488046
"226",49858,914.711,373.453334,154.663572,0.833843568,49467,0.745044605
"227",47047,1074.909,339.3932159,165.6347696,0.82268135,47286,0.636995684
"228",41886,782.385,268.5416977,185.3078128,0.747341633,59244,0.739553734
"229",29569,784.148,221.4905892,192.454214,0.703914809,45381,0.779914016
"230",24577,506.291,218.8881242,143.0797358,0.700864633,26820,0.799887194
"231",43588,631.262,312.47681,149.8542562,0.859329797,42617,0.659559367
"232",54008,788.418,400.0743524,221.3941228,0.883798251,61656,0.672916437
"233",54682,1047.509,403.534326,164.4836111,0.879416217,56847,0.59803374
"234",56182,954.039,362.4630996,192.0540486,0.841451863,56341,0.80540322
"235",42030,901.792,283.8315984,194.9458132,0.776132894,43941,0.703741005
"236",62261,1094.97,388.1194226,183.114072,0.867246765,62369,0.741065783
"237",88516,1369.393,453.9087812,250.1282391,0.818983599,93199,0.672770662
"238",52135,1149.849,361.1620637,180.2230307,0.876364187,53353,0.760187796
"239",43671,739.365,355.2498409,177.2416025,0.886763885,49035,0.675248249
"240",61799,830.292,401.3703727,217.6394475,0.868318716,60926,0.608294601
"241",63488,1118.987,412.9977666,198.2250088,0.869527444,65987,0.649461392
"242",36384,769.696,287.8729802,177.350544,0.774235938,34590,0.748619584
"243",47362,712.472,343.3359204,189.0330731,0.872585447,46020,0.762470475
"244",52431,778.871,374.2783322,194.3049653,0.910991212,55223,0.684069659
"245",62202,796.545,392.6679167,217.9421677,0.861508246,63416,0.67421113
"246",29560,566.944,227.314077,172.9332142,0.71016475,25749,0.706379611
"247",49242,1068.407,385.5400561,152.0545672,0.917031236,48733,0.813868948
"248",64911,1023.337,396.340219,181.3740874,0.926585507,64665,0.735437741
"249",66087,1311.632,390.7633582,206.2265783,0.807224276,71648,0.633966844
"250",43501,1023.561,299.3555731,209.7583285,0.73327546,30277,0.708669366
"251",75832,1206.304,390.6824845,245.0375477,0.848837475,75402,0.78480835
"252",31917,798.943,205.9089003,147.3412599,0.703707561,16665,0.760957799
"253",45565,1106.178,341.8898114,161.4325301,0.872377109,43531,0.803832378
"254",39904,674.732,288.3598968,195.1843064,0.749743795,38938,0.723154169
"255",52148,851.691,369.4554018,148.0551201,0.854997315,52251,0.633002028
"256",78572,999.61,435.7918301,253.2887638,0.811666472,78385,0.77527987
"257",49088,1035.712,400.1044603,140.1175377,0.909848904,52431,0.819970047
"258",54683,1050.726,385.9976783,224.5154897,0.873325117,56738,0.81314004
"259",57740,1049.207,395.8537793,185.9347007,0.878576542,59144,0.696607049
"260",75601,1218.333,374.9415877,234.6784183,0.776409997,75354,0.807099857
"261",64674,1287.857,428.500736,203.8893563,0.840120795,68899,0.645326939
"262",89248,1176.599,457.2421422,224.8662978,0.814939218,89591,0.731035818
"263",39309,843.071,292.394807,202.0645026,0.70674047,38815,0.758797167
"264",56114,1105.006,391.0277727,186.2181568,0.877802845,42243,0.785292814
"265",37720,653.443,261.7107573,201.6868177,0.696481459,38269,0.735244066
"266",28464,933.841,229.4534547,193.11045,0.678901595,17772,0.717808591
"267",37772,747.444,286.8202599,153.3360483,0.7580422,39723,0.706410641
"268",74025,877.623,386.5451018,238.6449281,0.833027699,73656,0.697285223
"269",54670,1168.846,361.0923482,157.7849636,0.852671946,67534,0.589871996
"270",54183,1069.134,390.0344787,212.7718818,0.847597548,56010,0.688194507
"271",39188,566.468,261.0366166,205.4646051,0.674821929,40579,0.752551646
"272",56950,826.326,373.1559361,181.5041978,0.842969731,56516,0.638971531
"273",46286,962.714,295.3945832,215.5213298,0.811689142,49131,0.758106919
"274",89625,992.247,444.2825234,224.4173733,0.877796504,93259,0.728967411
"275",42090,656.415,256.599812,195.0605323,0.720687122,42205,0.76727777
"276",51551,928.333,339.5795002,210.1488671,0.867689889,51840,0.687897835
"277",46011,688.684,292.7034877,194.2030192,0.804815737,44844,0.705559089
"278",47408,978.966,302.0195193,182.756373,0.781137578,51338,0.786488406
"279",38267,701.928,240.4808838,163.4494515,0.766976754,37777,0.772818124
"280",35312,537.762,277.0734519,189.7694882,0.786657268,34586,0.812822078
"281",62299,1197.128,423.8695685,199.4445596,0.895035839,58928,0.551319217
"282",47198,1038.461,348.4805095,146.0218586,0.848947911,46263,0.626901751
"283",39666,858.939,271.4826353,181.1550828,0.788435726,55749,0.688440867
"284",53753,1017.451,359.7648512,207.4252743,0.797917316,50554,0.807566129
"285",54433,1133.129,339.9077306,217.4993923,0.845801235,57508,0.656238164
"286",51074,831.064,388.6467774,195.621698,0.919937675,65797,0.68735491
"287",58654,984.765,403.6247607,157.6897305,0.931457118,54537,0.738985826
"288",48396,752.019,350.6401886,185.9143033,0.888043565,48019,0.697881835
"289",61999,1106.816,388.3926482,180.8656795,0.835859023,61281,0.788203712
"290",51593,688.637,323.94732,172.13123,0.787530498,52979,0.68540809
"291",54340,848.089,388.5497338,210.6344958,0.859968835,55477,0.779497393
"292",22735,552.458,218.7084876,137.0898076,0.745571396,24407,0.79080662
"293",56864,742.985,377.3288284,194.5553552,0.900164055,41530,0.798932309
"294",55351,843.293,375.0506781,210.5093391,0.834252752,53761,0.657188183
"295",23767,855.744,216.4951998,138.1465069,0.746355277,24776,0.780095125
"296",55306,1190.312,331.4793841,187.3203731,0.836865453,55234,0.732322397
"297",87293,1006.47,439.3227444,263.7206371,0.819427684,89026,0.810720164
"298",60616,1208.98,379.8185617,174.9494675,0.872101891,61706,0.705550198
"299",65209,1289.435,416.6222096,233.2179565,0.84224814,69878,0.73343797
"300",50718,1107.855,348.2634254,169.2718735,0.84646903,67701,0.634018884
"301",44070,996.373,338.3077427,178.8174114,0.94300731,44493,0.728994227
"302",36877,913.791,277.5742501,148.8719154,0.769827691,37988,0.794466553
"303",37968,571.862,334.0378155,122.8725579,0.827576373,23698,0.624765353
"304",42080,736.664,325.2562125,178.0293497,0.833622274,41473,0.704486194
"305",61240,1109.531,389.1508641,166.7648545,0.872637477,58960,0.811668676
"306",68377,1353.016,413.2874841,231.9988632,0.88093318,72022,0.62466988
"307",57761,1185.437,364.0051346,215.8738968,0.865666715,60515,0.771098364
"308",43094,1017.632,267.9892516,206.3783776,0.805354191,41985,0.718181353
"309",42757,919.521,277.9260025,161.0544586,0.800015483,42862,0.69159167
"310",46582,755.794,336.9992656,201.4843702,0.83667835,47775,0.682623856
"311",47094,1004.955,358.0455152,156.3310676,0.899388741,49559,0.775029623
"312",60478,1246.035,368.5574993,214.5544109,0.850961579,60050,0.654353269
"313",39297,773.311,333.9101849,135.6326638,0.847393538,40320,0.809911904
"314",30791,556.036,230.9514001,152.6061502,0.780181981,29718,0.691121245
"315",52308,959.877,355.4636679,206.0502959,0.811565966,55205,0.77362186
"316",56651,788.701,360.7523775,169.2937529,0.872693344,41395,0.781360738
"317",44095,919.935,317.2179791,194.9478002,0.750703061,42932,0.785800238
"318",41930,962.541,337.3231195,190.93843,0.802175794,48924,0.749878696
"319",59893,950.495,365.9879763,221.7403077,0.894121847,47078,0.819995823
"320",49477,909.533,342.336669,211.0477095,0.76293498,53163,0.780456467
"321",61167,1029.662,388.2432329,218.5244288,0.920987743,60547,0.612520467
"322",57067,885.564,355.3836338,184.8586554,0.798330539,56089,0.626450379
"323",28101,695.486,207.7137597,160.143672,0.792386787,29364,0.806971847
"324",67303,1162.117,445.2768228,215.3266067,0.906042412,71273,0.599632885
"325",30587,808.399,237.2528867,161.6953082,0.701830855,33733,0.712880268
"326",53587,882.813,380.4267553,184.2910089,0.869701506,56132,0.725547332
"327",36871,935.614,257.3637907,177.5346841,0.703333362,36757,0.75036877
"328",47199,997.113,313.5995988,145.7798922,0.879100264,45637,0.790035808
"329",54500,937.275,407.8875551,212.2313294,0.846497514,41767,0.675875961
"330",41587,860.919,299.7869736,167.3660985,0.732281711,43305,0.799905995
"331",86451,1131.76,401.413315,253.0230452,0.778580391,86542,0.7946587
"332",52199,967.306,371.0427793,187.8180977,0.852358548,53390,0.673306434
"333",66364,892.394,367.3165163,207.8420862,0.784882531,67830,0.751299884
"334",38605,909.309,305.8964944,202.3254381,0.767621813,40458,0.722015876
"335",25893,655.937,227.7381211,130.4503289,0.681786043,27015,0.802478753
"336",59961,1125.36,414.0161949,214.5150314,0.847839039,45991,0.696421276
"337",49159,722.163,386.8114309,150.4529815,0.87631751,50686,0.635914984
"338",55393,950.564,397.9808417,203.4464552,0.885396193,54939,0.727178042
"339",59326,900.809,417.2280804,225.6122362,0.843898092,66819,0.688365671
"340",37180,969.48,239.5977878,164.5170435,0.740680832,39383,0.70937856
"341",64611,1077.705,418.6704418,191.3255204,0.829464068,59241,0.598533275
"342",64220,1306.496,443.2910428,180.2294743,0.881408345,53934,0.726046637
"343",50547,1148.032,365.7083784,155.9236824,0.846479888,49945,0.610626518
"344",32153,585.03,229.7689355,186.9031308,0.714990016,30892,0.794116415
"345",55535,843.457,366.4526287,172.4060592,0.833509924,56214,0.720070246
"346",25857,479.683,225.6422256,182.6498166,0.621303258,24787,0.82687525
"347",38945,837.31,293.8873314,209.7270063,0.683918696,38912,0.808000723
"348",34365,869.14,254.2205016,207.0346358,0.663918886,34483,0.767585603
"349",46657,689.691,359.2596253,148.0681771,0.917705317,48598,0.768817171
"350",52060,873.023,384.5146209,154.9819532,0.877222942,54705,0.686827093
"351",58537,1214.71,376.9724661,181.5789169,0.80775034,59451,0.692523793
"352",42381,735.97,346.1161168,154.3423819,0.894296756,40331,0.712816268
"353",40436,988.481,291.3400963,149.3948185,0.83377198,39651,0.655957771
"354",58391,1156.37,357.8289604,217.3899999,0.823983905,47231,0.647127684
"355",60819,1150.945,398.9639086,167.2071278,0.915276558,62139,0.785442248
"356",76384,1070.118,456.9109699,233.9970657,0.858269165,77520,0.843041611
"357",33089,618.777,228.7685159,185.4150825,0.685170402,29380,0.737057833
"358",35678,581.241,218.7290738,191.957293,0.649297016,32445,0.732937381
"359",34012,891.563,253.3963351,165.0449122,0.814255467,35419,0.672246379
"360",37807,863.892,286.3171667,177.2488878,0.682789099,39151,0.738679698
"361",45826,718.414,360.1101076,173.0262835,0.885560184,58648,0.811918936
"362",27622,447.169,214.0875256,136.7586185,0.749013058,31097,0.747698797
"363",43869,985.981,340.6448518,174.1678195,0.748958604,63074,0.677648293
"364",69253,1326.017,406.8851485,182.8754165,0.860472856,69366,0.581672618
"365",62770,1140.682,386.8324876,190.5553008,0.877854762,49228,0.627105634
"366",72189,1268.81,387.4315503,231.0663841,0.799901599,73910,0.755596273
"367",54778,1076.76,322.5386255,230.6088837,0.785017465,54771,0.68769955
"368",27220,708.647,191.6769984,141.7206416,0.683931736,27044,0.750893071
"369",57531,1093.168,362.7222135,193.3887826,0.921050362,55354,0.593676091
"370",44510,742.771,322.1381854,160.8506975,0.826024135,48292,0.804181467
"371",33407,598.553,304.7946959,129.0822055,0.790110839,32967,0.819598267
"372",50976,873.912,369.4472421,195.5602578,0.932979249,48951,0.751738183
"373",28746,641.635,202.7098742,181.8203717,0.715280467,28538,0.777144883
"374",46917,1121.397,345.7679726,180.2342827,0.82250464,47080,0.786665925
"375",42984,694.724,276.3214309,191.5089161,0.725173735,43062,0.811295272
"376",52152,979.233,368.9161741,173.0268055,0.901474297,55159,0.763409769
"377",46809,1140.003,362.0434973,154.0948001,0.890560096,51020,0.594503949
"378",28416,831.437,206.5139005,177.3281223,0.721338721,45657,0.761799594
"379",48006,930.041,290.8223671,228.3026383,0.774481116,35107,0.702957801
"380",43644,761.039,261.3492162,180.4871699,0.726364019,43272,0.783191405
"381",59920,1241.166,416.6769693,162.3394174,0.874284315,58468,0.669993479
"382",46658,890.356,274.6444227,193.5262094,0.715329477,47161,0.756902754
"383",60586,1022.38,430.0405035,216.3738528,0.875761619,65974,0.750037044
"384",51495,1129.092,331.2748216,178.4951207,0.908179813,64396,0.596665949
"385",59012,759.645,399.6826537,176.3819591,0.872586092,58330,0.772383578
"386",51288,859.712,406.4726888,158.8649367,0.856237396,53480,0.728593429
"387",42983,1041.539,323.4166065,142.270718,0.916363127,43144,0.597822701
"388",32346,759.442,274.2897793,186.7678275,0.68966594,18983,0.718797964
"389",34780,589.698,267.0170328,147.4325596,0.707552064,50153,0.711624799
"390",60695,889.598,415.3267071,205.6333388,0.845652368,62381,0.71839119
"391",43165,1019.648,259.7457725,186.1455852,0.749516652,28127,0.679523157
"392",48410,1140.737,346.6490556,160.7772951,0.894045432,47765,0.832463056
"393",51912,1199.142,351.2275636,162.9749717,0.885779882,53719,0.693437613
"394",71045,1169.454,401.1849767,193.8168655,0.902470005,67634,0.625917069
"395",50745,1068.434,370.236707,177.0386128,0.853709649,50746,0.600610531
"396",51950,1087.201,316.5987559,171.6795902,0.780109553,50196,0.78137724
"397",54232,1090.513,360.8742924,172.9197915,0.87153682,56408,0.782241821
"398",51541,959.169,408.0810274,185.6348465,0.910410086,56331,0.811345177
"399",49254,908.502,333.7531468,185.3556148,0.778538993,48816,0.794130523
"400",50051,793.209,341.9390276,188.0806945,0.819572426,50957,0.670673322
"401",47607,665.703,333.9816215,143.5683081,0.857570866,46183,0.803353951
"402",36156,650.524,261.9420263,179.5330929,0.794077033,36498,0.695580281
"403",59666,1065.972,355.5625319,199.1177247,0.843986665,59100,0.765903148
"404",45234,966.56,346.2101105,163.1071316,0.835998334,31085,0.618964847
"405",52218,932.302,338.4420142,159.0025679,0.899540841,53922,0.717846875
"406",51131,878.338,346.1868773,183.3944277,0.870249867,53546,0.758263365
"407",60945,1080.544,421.0737289,187.6065103,0.867265559,61912,0.831646201
"408",55196,944.068,351.2420685,174.0964575,0.81182265,55519,0.713401519
"409",89839,1298.876,449.516365,291.2360228,0.805922337,92395,0.7507864
"410",34295,960.971,304.1133639,199.3987904,0.829412168,37081,0.693435211
"411",58943,1066.212,398.6019914,162.9627311,0.858919244,57399,0.751250922
"412",84007,1034.182,416.7992368,233.4136368,0.824751756,86525,0.674541989
"413",49598,800.337,374.6610005,158.9528459,0.83280627,35515,0.616283749
"414",43954,617.225,287.3079793,224.5570826,0.716698842,43689,0.803821132
"415",70414,1070.791,411.8485003,205.8644675,0.848477117,70620,0.629388417
"416",70223,983.101,371.8841313,231.8172261,0.869700837,69759,0.811136389
"417",48683,911.452,335.9258329,200.052263,0.913940186,49681,0.69766039
"418",74525,1206.504,396.7634731,213.1516839,0.821167227,76322,0.777959535
"419",57591,843.31,418.924027,212.4155632,0.834852371,60292,0.791471224
"420",25276,609.96,236.8056958,177.8211127,0.792598631,28296,0.785622116
"421",66966,865.839,381.4821559,224.0212035,0.780478885,84685,0.763172291
"422",57037,1085.715,395.723212,183.2285584,0.889823561,59086,0.603664843
"423",57952,1214.888,362.2315652,182.0226202,0.830409296,58324,0.739551785
"424",58982,1189.496,387.5232213,184.8773639,0.871889248,63523,0.700160459
"425",60230,880.236,390.8631905,209.4823329,0.897932118,60288,0.713106136
"426",31275,737.186,282.5695938,191.2464537,0.761642444,31586,0.792022455
"427",49239,1157.256,354.6860008,178.6250204,0.862266448,48447,0.755569749
"428",57682,893.305,359.9580841,188.2827715,0.876982607,57191,0.697181688
"429",37257,605.264,251.8012231,154.7608861,0.731090512,41418,0.711187214
"430",52007,1026.321,369.6997965,157.3630821,0.85582885,51154,0.779578541
"431",54296,876.075,374.7808733,186.0522821,0.83693374,39274,0.639230188
"432",64693,1161.801,405.8135851,215.135023,0.846115828,67834,0.817892849
"433",26606,800.724,249.1631541,132.6529361,0.78023167,29401,0.720608281
"434",53801,868.185,368.1445189,213.1083183,0.836744149,56531,0.602604287
"435",59348,1169.048,399.5301886,206.6826099,0.870530931,59338,0.810218329
"436",47446,691.787,355.0073393,175.3673934,0.841452154,45018,0.782794191
"437",89346,1135.197,441.6459427,261.8200163,0.789107592,93442,0.741531359
"438",55026,874.485,374.1758402,169.5828918,0.891616231,54466,0.789823193
"439",48493,906.047,376.6814344,174.5433602,0.889014651,35703,0.588179485
"440",48816,871.486,341.4321891,160.3353607,0.858605421,47812,0.716598334
"441",35806,514.72,224.1462046,157.2383683,0.707085156,31512,0.777821074
"442",55176,915.605,367.3466989,186.6712256,0.871897065,49607,0.810738465
"443",32216,488.124,263.418787,189.7600416,0.709704735,34049,0.761091894
"444",47861,832.177,324.826135,159.2978198,0.882633412,46230,0.718710044
"445",25277,772.21,228.610778,147.1177206,0.75930561,29406,0.714250355
"446",47799,754.654,348.2737446,159.8940249,0.902412809,49085,0.70536897
"447",24485,590.109,230.4997379,146.7403345,0.740489777,27182,0.763157005
"448",50162,935.493,361.5525348,185.7051014,0.833689729,48315,0.611722085
"449",33110,700.866,261.6382179,166.1394816,0.759550614,33290,0.75410922
"450",29791,635.222,254.5943136,176.0602703,0.707996163,15770,0.73994616
"451",53887,1099.342,345.2469108,192.1653936,0.877451732,55346,0.682236704
"452",38347,763.206,295.4765511,198.072114,0.806186392,39824,0.731831412
"453",42780,1031.049,328.382605,174.423036,0.824227623,42659,0.793041802
"454",27209,708.078,256.8573247,147.4177834,0.787898074,26130,0.755533086
"455",51045,725.321,361.2009455,149.2875691,0.876439202,49651,0.682527555
"456",58255,986.664,409.1653694,161.1470129,0.911424914,44519,0.695932042
"457",43777,849.184,297.4111301,169.9067796,0.713883786,30037,0.800187936
"458",43849,881.81,364.1280173,163.5818202,0.908786742,46661,0.621163414
"459",42471,1099.601,357.025112,141.874515,0.819590731,44332,0.58946029
"460",55699,965.467,397.0920643,153.983371,0.856627084,55494,0.692392365
"461",76041,1358.229,444.1737309,210.6106633,0.809389694,79422,0.673375042
"462",64960,1105.223,422.0212746,190.3973066,0.838896442,69559,0.625349963
"463",45944,1086.444,369.4061095,146.1184461,0.884754094,30640,0.787466419
"464",58177,922.839,387.0171896,220.2034803,0.815133941,74955,0.674957436
"465",37117,518.524,281.3800947,167.6211244,0.760872739,38034,0.796413989
"466",38617,718.881,251.6370628,177.1542504,0.819721291,35770,0.81830118
"467",39046,688.885,257.3368787,175.5315759,0.753149219,56273,0.780662884
"468",67509,926.396,365.566699,194.237361,0.797436372,67734,0.645073685
"469",53726,1028.514,343.4977566,183.9619088,0.90795894,55826,0.736094934
"470",47600,757.974,311.8774452,193.172009,0.832508829,50195,0.804402129
"471",44483,848.916,347.2646862,162.6179891,0.923193466,44221,0.636804922
"472",41368,833.061,284.9535341,195.2589376,0.842121833,42673,0.664100844
"473",47517,726.076,288.6399793,191.0830089,0.762455838,43878,0.791896035
"474",60558,956.544,378.2606718,185.2240485,0.851189496,60765,0.803370647
"475",25259,520.912,226.2256496,158.6888056,0.760354859,28861,0.796194244
"476",44985,1056.638,315.1938086,193.5832126,0.772656464,44408,0.75536763
"477",62952,848.693,368.1858186,185.2983417,0.859004028,62880,0.755546585
"478",26398,509.003,212.6651291,170.8697073,0.755133928,30635,0.72051471
"479",38792,641.456,244.3235167,146.5368191,0.735829268,36178,0.727327671
"480",72835,998.121,454.1154881,197.7745024,0.887913313,74557,0.603170466
"481",58082,1052.048,363.3742226,184.9837372,0.856772483,58750,0.820544598
"482",49637,780.474,379.5860402,163.5812271,0.909741617,50307,0.75878049
"483",42228,611.062,307.755282,200.6373241,0.782335705,45075,0.780685384
"484",45141,1099.571,333.7863531,168.8607733,0.927057172,44912,0.821786382
"485",56093,1214.912,378.9063996,200.3985716,0.869755826,58094,0.799846991
"486",57752,993.281,405.0858036,174.7358674,0.917409295,58907,0.666905015
"487",63717,1187.842,436.6327507,226.2742077,0.897598329,64835,0.810091427
"488",61727,873.992,432.267154,210.3099503,0.851548961,61469,0.619614183
"489",37362,752.288,266.4248431,164.0859688,0.746955403,37883,0.680567882
"490",57496,960.424,423.829978,205.3884239,0.873145777,74732,0.668670178
"491",27621,762.937,241.8278375,183.5537595,0.710082388,46762,0.773237458
"492",52701,717.939,375.8658581,206.9009689,0.834119552,53678,0.649783368
"493",48196,698.03,332.9496137,176.1404856,0.780238374,34294,0.743926311
"494",39818,589.378,296.9531767,155.1766285,0.760660009,40747,0.723077148
"495",48832,689.918,390.7221786,158.2324198,0.903602712,35633,0.82646619
"496",63070,1260.458,378.2068693,243.2902752,0.789054336,64120,0.782197493
"497",42977,884.48,375.5084098,174.3547926,0.877721788,43815,0.740289464
"498",46462,1045.072,320.7379391,220.2021145,0.795940384,46175,0.747967478
"499",52795,790.72,356.9243068,176.482927,0.909639556,53328,0.825368253
"500",25230,823.69,232.7645913,148.1467974,0.791657268,26993,0.677020459
"501",64238,1161.736,355.293292,220.4358147,0.840515308,61553,0.665380923
"502",62736,1299.242,417.7182278,190.1331617,0.876731169,64977,0.600657115
"503",51872,884.829,324.9112178,174.9438847,0.823977336,37948,0.779855835
"504",57511,1218.257,373.4512073,181.9972814,0.843102527,59178,0.615388382
"505",55418,774.201,355.4509689,231.7125578,0.738634554,55619,0.699141508
"506",58956,1237.307,391.0702258,171.5154609,0.919225793,56341,0.593554456
"507",57780,1029.399,388.1269289,201.4985103,0.897028659,58301,0.829996201
"508",72624,1194.83,447.8942833,232.2920875,0.895621542,74151,0.785669934
"509",54539,727.154,390.2883547,175.2306455,0.86234148,40487,0.809569868
"510",35991,714.402,269.2488983,200.4458424,0.720637089,22994,0.768489772
"511",43321,885.995,294.9694588,150.4370601,0.862737314,44269,0.713108147
"512",40788,730.729,304.7065679,208.8730826,0.795945041,42617,0.759764835
"513",56685,1184.106,348.6023633,183.9310136,0.905916238,55307,0.806656274
"514",56860,795.469,403.2132313,172.2967006,0.914561993,57883,0.599217761
"515",53119,650.77,306.6455962,215.7733303,0.65319083,36167,0.807532095
"516",61315,1137.989,367.2561986,171.1910218,0.853942454,61779,0.628622369
"517",50219,850.108,372.8406985,171.4706403,0.847523606,50823,0.781487315
"518",38905,964.529,292.576849,166.7907061,0.780010895,43082,0.729397168
"519",52089,1147.355,375.2852168,181.217709,0.90697321,52512,0.655179032
"520",49340,975.938,404.1528913,180.6100569,0.915057934,54410,0.792101933
"521",42775,733.59,273.3549227,197.1558097,0.762034889,44635,0.733142972
"522",58856,831.916,390.3468719,183.4523595,0.921740375,59207,0.60301204
"523",64719,1103.292,400.1232671,223.5517923,0.911289643,65505,0.609621406
"524",72611,1075.171,438.1116325,232.5125442,0.842875393,88854,0.745312734
"525",50504,1110.595,345.5666652,166.1081592,0.858403262,49765,0.651120063
"526",49519,755.052,389.0152206,172.1884623,0.890413178,51102,0.613172493
"527",61926,1209.67,389.1649383,182.1972141,0.82578623,63484,0.732628573
"528",32154,868.395,249.0269053,198.3552215,0.778505895,34009,0.811610229
"529",69166,1176.167,423.9255739,213.6085501,0.839719095,70526,0.690489593
"530",40518,746.015,263.3896276,201.5878668,0.784651948,56526,0.76421875
"531",53020,720.869,369.6591671,189.432237,0.819646052,53299,0.641169492
"532",61553,1281.01,379.1857839,203.9995007,0.929405523,62423,0.740853015
"533",54598,853.704,334.1597538,197.2277465,0.801256903,69006,0.80303306
"534",55786,769.122,365.6765064,160.0709462,0.833667534,57085,0.598937614
"535",28429,841.368,235.1056564,181.5299984,0.68510985,30127,0.72633975
"536",52906,924.261,383.3746461,167.1952584,0.826170023,54390,0.744549842
"537",39281,949.097,314.6562936,179.1275975,0.875482105,37964,0.79463547
"538",56963,928.296,411.3896164,169.5923938,0.838009976,58751,0.779573597
"539",66291,1286.858,402.1684985,227.4180095,0.888716862,67001,0.592451888
"540",53593,1048.217,382.7648343,217.1115181,0.904849572,73094,0.605776212
"541",43870,970.904,295.8548378,168.5375503,0.811801089,60704,0.692252823
"542",32175,910.516,242.1381894,139.6313578,0.728257537,31126,0.739178234
"543",41035,874.099,279.4744146,177.8586765,0.766117086,40073,0.828048036
"544",62577,905.726,407.6632734,181.4293835,0.937491359,63246,0.78428911
"545",32021,567.678,252.9345912,155.7203678,0.699725399,33070,0.761440221
"546",43951,875.675,272.2832825,209.5434958,0.768290008,45739,0.766899165
"547",75596,974.228,393.5438352,241.9514229,0.850856723,76889,0.739609193
"548",62890,796.523,397.5648,204.8428262,0.826012225,48258,0.647446906
"549",32669,683.543,233.1257753,169.1718673,0.663183983,33042,0.754295408
"550",49983,1149.41,350.3361395,194.1720595,0.802319025,50911,0.786033203
"551",48368,777.704,357.6227742,135.6309373,0.854223629,46825,0.764075439
"552",51859,704.871,379.4703235,183.8937878,0.838764108,50020,0.692625141
"553",55645,847.705,405.9036464,200.7100636,0.861395921,56471,0.684044685
"554",47470,937.255,310.2649656,198.5387061,0.776750882,48373,0.808564397
"555",62188,878.512,421.6895411,172.6606804,0.844207994,60898,0.661169386
"556",52584,1152.327,381.3239535,162.9530689,0.891131533,52809,0.817047763
"557",38257,567.99,291.9302961,143.1769779,0.86684406,32473,0.645823901
"558",43513,807.103,279.4018053,171.8689257,0.789532622,45404,0.704080012
"559",25816,896.493,258.3386216,148.8890782,0.796874543,28862,0.794250775
"560",43308,569.689,293.5367485,201.8986301,0.758850758,43273,0.81342616
"561",67234,1046.281,422.3447935,171.80882,0.838785858,50551,0.625790854
"562",24972,495.281,204.4997446,166.5569889,0.731769292,25275,0.726750984
"563",44622,1059.969,278.1881168,216.2819966,0.800598167,45748,0.783355523
"564",67254,1341.035,444.071407,195.1088976,0.852180465,68610,0.763504954
"565",52881,1196.885,404.9203193,200.8589077,0.849058404,52737,0.785506432
"566",68798,1105.781,388.3308287,217.2763701,0.848811227,88733,0.768270639
"567",55111,986.403,339.621733,178.1849758,0.884495658,54665,0.696396483
"568",79589,1058.551,414.9488348,236.786915,0.747842981,83243,0.818264971
"569",50086,750.425,378.2451147,172.1486052,0.844928013,50925,0.699339662
"570",53766,893.134,414.3024322,180.843929,0.859121473,57764,0.610422698
"571",57346,1267.981,385.5144193,150.5081485,0.89557676,58098,0.560487561
"572",75662,1224.943,375.985597,267.4044673,0.737772915,74517,0.682847566
"573",26435,501.951,216.4897473,156.805516,0.697547999,26762,0.814045566
"574",22459,841.303,188.2888667,114.3054566,0.660006139,23194,0.719622232
"575",55677,1154.595,406.3233531,150.502023,0.902751276,53903,0.60508798
"576",58861,803.815,412.7335323,188.4693295,0.874995152,57666,0.800459378
"577",46676,751.918,374.0513547,150.8337562,0.914426452,48899,0.726758771
"578",54541,1217.131,417.3686475,172.4833423,0.886708771,55386,0.641746559
"579",56469,1110.52,348.9934794,198.9005061,0.893636321,72421,0.700007016
"580",41418,692.977,335.5440798,161.7411508,0.815865834,42036,0.634802571
"581",47251,889.19,326.9421409,208.2568931,0.758936975,61872,0.806887072
"582",53577,897.422,378.3458214,196.1623302,0.90141592,68495,0.736329463
"583",52810,1098.177,384.6887226,202.9390391,0.871151865,55647,0.666032404
"584",20077,392.745,208.7958494,120.8819797,0.677325604,21303,0.794844004
"585",46301,705.476,290.6625877,200.7378022,0.795531957,48516,0.805501552
"586",40468,968.5,255.2557659,201.9288704,0.737857947,43657,0.726815032
"587",42049,962.72,275.7506208,195.7504258,0.736611089,42275,0.747071625
"588",31437,866.974,268.9196326,133.8987633,0.855310096,31718,0.741003067
"589",55344,906.757,352.6149093,211.000361,0.829808558,59448,0.671817972
"590",46434,1093.361,278.854998,198.3926643,0.772271339,47043,0.718616314
"591",31452,875.004,242.1860086,196.8203776,0.660083951,31068,0.769769195
"592",41396,1018.034,285.5138968,174.8966772,0.776446689,42033,0.737427652
"593",57106,768.293,405.9386755,181.6591213,0.899397111,58337,0.674045612
"594",36160,951.364,232.969137,163.8043549,0.745990996,20885,0.717138489
"595",38690,546.579,268.5087911,169.2252942,0.748423518,36627,0.698297509
"596",51280,1190.292,341.6809017,175.9723303,0.859673971,50938,0.79150003
"597",52343,986.832,364.951193,171.0230007,0.832696202,51685,0.685572629
"598",50195,1176.509,375.7420416,147.9486844,0.937970191,49707,0.596506814
"599",27825,686.139,208.9193316,132.7093675,0.767600099,29335,0.757201502
"600",59015,1061.936,399.0240543,197.9464108,0.847482143,60429,0.716404589
"601",48128,1057.316,353.4431023,174.7384206,0.889081452,48690,0.620056584
"602",69015,1309.118,376.4417183,229.4443383,0.786730515,71811,0.801112671
"603",45831,1001.314,290.868456,170.3624529,0.760192837,46815,0.708980856
"604",42710,1005.656,318.5486996,188.7356304,0.913054825,43315,0.810855453
"605",40271,709.882,318.3247165,175.7867888,0.797098695,42102,0.695204892
"606",47841,629.044,304.5626984,194.4131519,0.829747692,49434,0.744583103
"607",38975,572.904,314.9258374,177.5780419,0.87865311,36880,0.657839305
"608",60073,864.384,401.0171958,197.9954564,0.899642964,61331,0.660265976
"609",57252,861.377,414.5648568,186.4270428,0.894922689,59860,0.615276494
"610",49084,1048.917,351.8203023,177.6488185,0.901068964,45700,0.644927667
"611",33743,584.73,274.4119516,152.8785182,0.868163964,37595,0.770212811
"612",54918,886.882,397.2511504,172.2604706,0.854815491,39868,0.719810397
"613",43936,1064.073,305.4283613,181.6576201,0.749581749,43203,0.815974359
"614",42788,1022.82,297.5498106,175.7814306,0.707794562,59698,0.790699522
"615",31009,911.075,262.758384,161.5311775,0.722872778,29880,0.786817831
"616",70424,1175.885,439.3772534,194.0768759,0.833226216,68698,0.81721242
"617",53553,724.118,364.7315053,213.0273132,0.849392995,40665,0.676341692
"618",51107,930.757,356.8740194,200.9759989,0.831080008,55068,0.729762079
"619",53327,1113.427,364.7618858,163.908401,0.842265891,54925,0.817922914
"620",31673,792.247,230.2423338,179.2278805,0.794242527,30813,0.704353458
"621",30852,662.926,223.920706,144.4500521,0.680987423,31128,0.730171464
"622",53395,730.193,387.3091994,189.1649017,0.836434553,56721,0.7069667
"623",32782,863.814,234.4665315,171.2576185,0.718804618,33413,0.767893939
"624",41850,788.848,354.5355407,148.1017914,0.859700581,43606,0.616098737
"625",59913,1265.976,394.7586211,217.6376914,0.905343612,63960,0.80521967
"626",45198,1066.17,370.6120759,135.5491869,0.885184982,44372,0.5728532
"627",48352,1048.151,323.5225513,173.28886,0.892433581,49747,0.787365491
"628",47881,879.316,338.8378192,194.2681,0.763772542,48611,0.69289882
"629",48758,1028.071,383.5930391,199.0981787,0.842801922,48944,0.823980501
"630",55026,1056.989,360.7826918,153.898289,0.881924842,55277,0.663799751
"631",71831,1192.981,378.9862551,212.8390013,0.764470214,72130,0.775264413
"632",29207,533.843,261.4365012,164.0955969,0.809170431,43571,0.695462389
"633",44397,630.864,305.4073189,213.7902664,0.718878997,46273,0.745063957
"634",51380,672.579,339.8199116,207.660305,0.727370129,54117,0.812828066
"635",44695,1099.674,310.5965924,176.7891273,0.752534848,45299,0.805115771
"636",37704,657.908,246.0105757,189.293728,0.702906341,38570,0.797384919
"637",41210,994.505,289.527457,152.0638443,0.788328621,41879,0.792459706
"638",53906,891.091,372.9411347,192.4878659,0.862831568,53797,0.782748898
"639",47270,908.7,384.9461457,179.3856116,0.919359277,48106,0.64899447
"640",41682,631.435,306.8391478,161.262155,0.736674263,44068,0.777618134
"641",46006,833.285,350.4951462,183.0912261,0.905916721,46454,0.613824891
"642",30734,694.991,280.047784,146.4036245,0.753562928,18371,0.778960052
"643",51101,856.469,356.5982181,177.1479945,0.89527995,52307,0.622555627
"644",61553,848.785,430.6654092,194.6595014,0.903220177,62498,0.793292562
"645",51977,964.242,382.2286934,175.6303259,0.909055196,53872,0.812685684
"646",32431,710.421,305.0549691,182.1806822,0.85336498,34644,0.734424593
"647",51984,1083.248,379.491311,200.0239848,0.905651244,53810,0.603779752
"648",41051,1058.442,311.5601629,198.5216582,0.740951622,41509,0.749143023
"649",44453,1081.702,293.4909821,191.418159,0.736616243,44392,0.683460489
"650",64747,968.007,376.4123474,221.9196662,0.826852138,52561,0.802115523
"651",52141,1188.558,378.8199119,176.8326391,0.851557526,68363,0.657233278
"652",54987,1141.194,372.2280833,189.3520882,0.907179272,58809,0.748762552
"653",58096,988.441,414.3550418,172.6490328,0.868468345,59170,0.778401079
"654",58289,848.829,397.0985004,205.6424382,0.915319813,43456,0.595712495
"655",47881,1007.548,340.7554088,186.2188029,0.834965649,64120,0.610297376
"656",50678,1138.493,357.5728956,204.1663836,0.895372539,52035,0.743275714
"657",42171,1080.507,286.324073,169.8584853,0.849336269,41967,0.787686602
"658",41414,795.812,318.6545295,194.6142089,0.905429396,46545,0.695985966
"659",26256,673.074,214.2402818,180.6252433,0.795728395,15606,0.702006992
"660",65459,871.773,355.7123818,207.3272351,0.836121041,65103,0.766461762
"661",52182,1071.469,326.5652889,204.5795514,0.810656107,56203,0.777520826
"662",54482,749.871,393.8210916,192.1619071,0.888432653,58793,0.620452333
"663",58607,821.984,370.3970466,201.0546946,0.891550976,55989,0.649160845
"664",46465,928.464,324.2006768,168.5244061,0.841966819,47705,0.68514065
"665",41358,956.27,300.3798721,161.3305974,0.823013904,42938,0.754877102
"666",34105,702.693,207.8850701,168.2455751,0.669933357,30213,0.705377724
"667",49920,690.843,365.6273705,177.5189282,0.795919479,49609,0.758891965
"668",46375,756.052,304.1711641,187.4819029,0.787930394,42940,0.80100943
"669",52943,942.515,397.3365371,154.2123457,0.91228574,65922,0.811438268
"670",34130,769.215,258.9197549,144.5215566,0.789408248,30770,0.709703434
"671",32406,841.031,250.2063283,151.39391,0.699716911,37347,0.748098882
"672",44761,1096.024,287.0113659,216.888778,0.72830801,45264,0.711788251
"673",32898,628.372,259.6721073,148.5055188,0.740650088,30000,0.696331239
"674",49968,913.314,367.0688799,155.1165919,0.828063868,52121,0.728857406
"675",21386,428.539,211.9932603,168.6634861,0.648603273,21598,0.750617068
"676",43174,583.527,309.1143769,218.6460431,0.743877751,57906,0.732972357
"677",63839,949.782,400.5735114,203.9916273,0.898691657,61253,0.812722875
"678",65872,1346.035,444.9282826,189.2362693,0.915210239,70949,0.585771675
"679",46256,973.721,312.2990454,155.1137595,0.797811355,30858,0.790120512
"680",67682,931.14,390.4163387,209.5179531,0.831888359,70727,0.753288378
"681",50437,1000.952,381.3518541,156.2383381,0.910717287,36230,0.826165238
"682",58159,889.75,406.6559458,173.654244,0.900466658,62113,0.61061976
"683",46143,1006.836,361.0881688,190.3310257,0.872034281,47996,0.817659493
"684",41624,676.721,299.3453813,189.5992112,0.766999097,42524,0.71018862
"685",51108,942.065,337.6961507,187.0217504,0.866949535,51658,0.822578659
"686",53868,882.997,351.6907561,231.2189915,0.850043501,57113,0.747858158
"687",47905,972.228,367.0272029,193.8098321,0.87752667,42110,0.805734037
"688",43149,791.801,361.9824346,142.5345577,0.909644598,60084,0.767022057
"689",32484,841.431,225.2714993,150.5286792,0.715497869,34561,0.803118311
"690",75181,1208.177,421.8621007,214.9541679,0.824456742,72471,0.794177446
"691",44214,1104.935,327.1984057,179.1675102,0.82230456,48941,0.78602554
"692",46553,764.603,375.3149608,189.5289512,0.895214864,32222,0.784889781
"693",51286,1174.448,358.1044264,153.7274993,0.823963071,51342,0.713910954
"694",52368,736.705,401.5693912,152.8106881,0.870232784,54199,0.630113622
"695",51859,739.817,383.9834911,177.4065565,0.900654026,51131,0.647148622
"696",45907,1009.804,344.6891002,150.7768911,0.873506698,47969,0.594159833
"697",65935,874.873,395.7022634,178.4047367,0.88504424,66946,0.662367661
"698",96148,1286.872,490.1254174,244.6806838,0.817720753,100946,0.748631569
"699",51213,993.732,381.5060678,185.237808,0.924203153,52267,0.79444548
"700",62715,976.985,366.7507894,224.5645968,0.857872839,62290,0.648182553
"701",57527,1049.313,399.7928498,159.0382204,0.92305676,57740,0.646056528
"702",42726,797.23,345.9192047,179.7231777,0.906325145,42405,0.725702528
"703",47413,916.571,347.0209602,202.7130155,0.822877609,50377,0.671962904
"704",53056,783.398,411.1358284,189.1659167,0.949197219,51443,0.654556994
"705",54388,1167.22,313.2679865,216.3938348,0.812545528,69636,0.791883078
"706",45489,794.041,335.7645812,203.2067097,0.809273189,62376,0.704117623
"707",72501,1298.083,419.2108474,266.8200365,0.75190723,74102,0.807994099
"708",48179,1093.775,359.7088935,178.8701351,0.900213452,35350,0.610912769
"709",56208,923.675,388.9937217,207.4623681,0.906670975,57949,0.606047783
"710",67711,974.614,447.9427492,192.1480085,0.872420594,52877,0.573713343
"711",44390,1083.484,268.9419989,168.6391539,0.808762574,48887,0.733730665
"712",53706,824.77,387.4291793,168.6531072,0.89668969,55232,0.609934885
"713",28323,884.018,236.2491731,124.6230597,0.726289652,28834,0.712672579
"714",58071,1023.357,364.3853368,212.4433195,0.81535975,56928,0.764980734
"715",60232,1296.271,442.3325354,162.637396,0.921900217,63265,0.602033739
"716",52768,1140.843,355.6508709,171.9667245,0.911109547,52915,0.725038027
"717",56481,1077.052,391.1637342,184.3215715,0.927189103,56783,0.56828242
"718",56669,894.195,373.7612572,169.4898007,0.914803829,73863,0.778085112
"719",51999,856.674,383.7881103,170.7614156,0.871023742,52880,0.57316682
"720",29807,883.049,226.2981213,138.0064546,0.761884332,15418,0.724563573
"721",59475,991.285,410.9882501,217.779514,0.860441442,61917,0.847371712
"722",59996,961.26,422.9735298,191.8474422,0.8353597,75899,0.605695756
"723",57504,997.66,391.742898,172.9635429,0.810763864,58743,0.61351906
"724",33211,703.834,266.7524903,166.6473325,0.682156789,32153,0.775314699
"725",51846,920.801,374.6088573,168.3977941,0.88208224,53188,0.655166725
"726",52425,747.164,369.065677,163.5951331,0.845728261,39975,0.609249117
"727",87367,938.237,459.4103246,262.9566048,0.825005121,90530,0.732578985
"728",55605,991.556,358.7808585,191.1813188,0.846891914,52357,0.615959458
"729",42645,902.471,360.6820457,175.2913347,0.905871395,44310,0.604884971
"730",52446,868.382,349.8312724,170.0456032,0.843034984,50650,0.611140338
"731",51485,970.355,370.0640532,156.5472534,0.901380631,55387,0.730500688
"732",37660,826.037,263.0494694,182.6268331,0.74619566,35747,0.713954348
"733",59513,863.261,386.3566616,212.7204821,0.829179186,57482,0.779478107
"734",61277,808.849,387.1918346,198.1449368,0.864345173,63923,0.787911343
"735",73450,1031.921,384.0885772,248.5342886,0.801813898,56666,0.718926865
"736",47094,1099.354,365.1819577,187.9587699,0.859047949,47867,0.801950879
"737",63027,930.861,430.3360213,171.3584639,0.878636348,63341,0.713681159
"738",39396,694.076,291.1980416,170.1303042,0.868867492,40180,0.644622917
"739",65750,861.665,440.5620084,168.401278,0.848820363,64212,0.667276035
"740",50782,970.643,376.2106374,182.906672,0.852030205,55964,0.617559215
"741",57503,912.789,362.4089382,170.4343265,0.869864422,58272,0.722618598
"742",42824,867.548,263.57715,165.6398987,0.747916996,43641,0.796815668
"743",56729,798.16,390.774334,200.0873745,0.900826207,55915,0.648799233
"744",32058,606.445,259.3468213,192.2441668,0.737509122,36419,0.790308128
"745",54839,923.981,391.75142,188.6493458,0.830231123,60563,0.761785853
"746",50055,1111.592,348.7225455,206.4502591,0.824062749,51557,0.720152345
"747",51143,1105.841,311.8346453,187.2382401,0.817400925,52954,0.782207166
"748",43530,799.347,367.4608898,185.2292988,0.829366845,46808,0.807687208
"749",50071,862.789,387.6366577,187.7375293,0.897962584,53290,0.624573769
"750",29151,698.453,250.0775083,137.2971475,0.72643114,30927,0.819431247
"751",52358,916.702,406.6754579,189.898177,0.916299941,55351,0.726323466
"752",45190,863.111,355.0347883,182.7097424,0.914089024,44993,0.647582754
"753",70616,923.166,411.0226219,223.637646,0.878585563,68817,0.766045367
"754",59626,1241.377,380.208844,203.2542469,0.851497724,59017,0.650130064
"755",27144,733.885,198.2401938,137.3299041,0.661495107,26109,0.766766875
"756",34329,827.368,263.3818604,148.8223012,0.718513806,33346,0.749658477
"757",57305,1174.78,372.8829216,169.2842232,0.838962987,56139,0.757293277
"758",55770,925.756,348.4952061,191.1199398,0.791966265,68707,0.80059169
"759",34826,603.939,246.3310034,193.3207504,0.774356176,34540,0.734307116
"760",54653,1135.877,367.6344869,164.8240666,0.830335834,54003,0.757916148
"761",46218,1092.043,378.4684115,142.2202859,0.888523169,47231,0.656104634
"762",52369,742.269,338.1192601,199.6504541,0.780303813,38624,0.696542211
"763",56651,1003.745,382.5692367,166.404875,0.890788848,55516,0.607366626
"764",25836,710.554,247.5574374,148.0477021,0.737867309,26144,0.726687128
"765",48623,869.406,354.9207342,155.1142725,0.876974664,48680,0.592554166
"766",61495,944.557,412.4387315,217.8963117,0.897556626,47941,0.809752211
"767",49733,1062.859,348.532148,201.2538628,0.840874285,36962,0.671936096
"768",47613,1091.846,314.8835867,191.6380834,0.778884307,48916,0.736148226
"769",44322,867.532,274.4758585,201.9206687,0.769248758,48095,0.728124517
"770",34329,885.119,252.677649,175.0975248,0.69746016,33941,0.763620194
"771",49676,1070.013,324.9101314,192.4439753,0.822190347,51211,0.798575986
"772",36788,549.684,279.7351059,152.410976,0.716623868,38744,0.702945618
"773",48807,994.539,343.9705472,145.2582193,0.909976428,50401,0.674059631
"774",65230,879.735,364.8139101,199.2403463,0.804325516,67658,0.807631691
"775",49280,742.526,370.7597665,181.4046916,0.894356248,36392,0.593353634
"776",46186,755.107,330.1417836,165.2928774,0.807115975,47950,0.773513867
"777",36355,530.534,292.9052602,160.4298695,0.795247208,35425,0.712708968
"778",30168,451.707,214.9089369,171.5184188,0.692971082,24069,0.70921973
"779",45018,1116.614,387.5879864,193.8920151,0.859506725,62472,0.801653746
"780",92720,1343.21,436.7479204,296.5492786,0.792761016,94594,0.79302554
"781",40682,893.85,322.7448573,188.8374465,0.823894673,46058,0.645737861
"782",47677,895.843,320.5202376,162.3217329,0.861851689,47729,0.70846308
"783",54195,1191.638,368.8586274,191.4058511,0.923015713,55342,0.794484418
"784",32081,814.827,263.5279343,190.8986964,0.733060792,35546,0.819059394
"785",63218,1031.69,444.7964172,203.6777638,0.902050925,79519,0.719984648
"786",53898,846.381,387.7031282,205.2941941,0.90354993,53564,0.687328558
"787",38851,613.036,308.1530364,164.8309308,0.712515487,28357,0.705329921
"788",52785,750.162,370.7439906,149.9084243,0.927504924,49640,0.662326935
"789",56004,869.306,388.9161308,214.5211798,0.848131103,72908,0.797783887
"790",42485,993.5,274.6680775,157.8832445,0.832150765,43110,0.680207606
"791",35260,851.601,267.7360559,184.5257344,0.729784666,33794,0.779777346
"792",49519,983.496,369.20929,173.8038751,0.902320655,48972,0.60934679
"793",26993,857.471,193.5420234,138.9448671,0.695300362,42111,0.703788005
"794",52018,897.573,313.4022886,178.6078407,0.836188618,51731,0.767786357
"795",49874,716.883,346.4213951,176.4336756,0.878518811,51636,0.808608428
"796",26517,634.638,212.9432117,135.0018151,0.730294595,27274,0.684238477
"797",29329,727.805,202.9449224,154.0768734,0.69545574,28839,0.787406244
"798",56722,880.638,365.8613831,204.5025353,0.847401499,55912,0.696769942
"799",114858,1179.75,515.0702417,288.378919,0.839983289,116575,0.692058034
"800",47331,690.431,344.9877375,201.2003876,0.838061646,48608,0.786984036
"801",47473,772.503,371.4638317,207.4961435,0.900384185,51649,0.742088318
"802",46732,968.73,364.2856551,179.3104909,0.886142702,44242,0.704992051
"803",63137,809.173,408.4067571,191.5561508,0.901437804,63117,0.610173336
"804",42503,827.874,275.0323745,200.028637,0.70301538,39435,0.759442742
"805",42385,907.941,257.7434506,198.7877665,0.688109963,42458,0.722235127
"806",47005,1102.374,295.6914597,188.4301004,0.774040976,46757,0.74179083
"807",49666,712.503,342.2585357,171.2676912,0.871906703,66431,0.679794161
"808",36291,953.284,246.7164239,174.33065,0.692747881,39518,0.787647914
"809",60981,1032.262,365.0627855,220.592238,0.808017219,61117,0.661697669
"810",57157,1189.194,360.2182751,171.3237167,0.856033116,72221,0.609825867
"811",81406,1272.821,418.35931,260.779639,0.774168401,84397,0.804111304
"812",32979,959.473,235.2919802,189.1556525,0.740143784,35259,0.814782103
"813",60160,847.524,379.7756705,225.6244129,0.84696838,61762,0.765905821
"814",54738,1075.017,393.5118624,196.1640224,0.898583966,56963,0.799848453
"815",44594,986.502,377.6916544,166.6209876,0.868148564,60661,0.741560087
"816",27473,694.21,221.5388029,169.3774471,0.837390312,27548,0.720236564
"817",55112,1159.612,366.3235825,229.3337572,0.761770248,54009,0.750112117
"818",39495,795.817,311.0906166,215.6763012,0.73998597,43045,0.768384296
"819",61498,1131.971,398.1459971,168.1562621,0.85618276,58264,0.595800489
"820",48020,728.925,362.3976241,155.8855254,0.904509784,50990,0.685422292
"821",41039,1010.798,252.8583342,192.6470136,0.79096864,39659,0.700060744
"822",47653,1010.752,316.3287432,224.2591284,0.703820302,62004,0.736527674
"823",58275,1116.022,374.3235295,198.3744107,0.839382091,54894,0.62999352
"824",49839,1078.086,395.0794217,192.9816543,0.882605894,51987,0.593725386
"825",59023,1042.561,417.0986132,202.9980475,0.932639217,59942,0.649073278
"826",36370,839.141,252.868148,172.0676608,0.788848695,35221,0.723811098
"827",64107,956.957,362.296259,216.9150309,0.80165881,83636,0.781132857
"828",47911,847.417,358.5010612,176.2262746,0.896855954,35062,0.601218017
"829",54056,727.663,354.0677494,195.4200172,0.839953461,59261,0.648563249
"830",31715,635.648,224.5865393,173.6783557,0.739300037,31266,0.752949982
"831",40139,642.269,263.3574097,176.5899383,0.827579826,40165,0.68693697
"832",72196,1359.357,438.4057768,235.9048508,0.909850407,72523,0.690199745
"833",60413,1145.092,439.4894482,202.4231139,0.847441538,46017,0.620906908
"834",42037,730.231,292.7401183,176.820084,0.807089381,46610,0.822435334
"835",41412,596.825,262.3341125,168.1774849,0.724256208,42524,0.694777604
"836",53391,757.791,376.5856219,146.8819135,0.842350358,67893,0.813622912
"837",36643,824.941,241.8460811,187.0698028,0.763121053,36500,0.809328904
"838",60729,770.401,372.3693322,224.1955484,0.8995183,58846,0.659394957
"839",66838,889.821,426.6783815,217.805222,0.92107652,67734,0.689352064
"840",48659,916.645,323.29071,207.8141748,0.78699378,49219,0.758515162
"841",73971,893.609,451.0755526,212.8489723,0.920796479,77188,0.79270773
"842",62278,1007.969,397.8019039,180.3914201,0.860776324,66990,0.766180786
"843",40127,665.766,290.0886064,175.1246693,0.703303731,26202,0.75468812
"844",48822,1136.128,353.5385474,210.5037334,0.906243838,52170,0.643134106
"845",52943,772.519,388.7217249,163.486186,0.887215295,53865,0.614164959
"846",54954,1113.986,363.9041642,168.7625742,0.870765649,55781,0.660140412
"847",33076,901.137,228.4086087,173.2873649,0.690208598,49815,0.805345573
"848",50732,1066.138,363.4571359,183.3885716,0.817057774,35715,0.650249004
"849",30606,709.119,242.4174706,171.6335772,0.767121787,30267,0.765483716
"850",34978,875.331,250.1218606,163.6169061,0.673052449,35079,0.775889608
"851",82141,915.558,402.8005423,226.0244091,0.816448832,83423,0.686426377
"852",67052,1203.049,392.3219583,233.2313776,0.802886231,67677,0.729846531
"853",55770,913.516,360.8334769,188.5441823,0.829313739,61151,0.706061357
"854",32974,706.75,276.7169589,166.0857266,0.727858622,34771,0.726809679
"855",54670,1009.054,353.6185901,175.7674152,0.84741557,51544,0.713950104
"856",58973,918.528,397.1560355,168.9238698,0.902030948,57249,0.656575635
"857",59344,940.292,418.111251,177.9342004,0.871850789,58448,0.655479553
"858",43793,939.606,322.8903527,189.0557755,0.846278228,45929,0.722556124
"859",49944,751.19,366.8478667,177.5098079,0.885107336,48275,0.744704969
"860",31305,698.818,257.8187508,176.1420509,0.748518241,29382,0.759150901
"861",83360,1139.196,420.597529,272.8962876,0.829883484,86391,0.775701315
"862",39033,817.328,272.755702,175.4780013,0.781386092,26194,0.795930781
"863",84615,1398.111,463.8558184,226.0722563,0.829539534,90334,0.790284091
"864",68000,1162.73,392.1127797,235.2645977,0.787628238,67706,0.671434941
"865",45569,829.207,313.748997,180.0913702,0.788014839,44835,0.769219395
"866",43700,1021.925,347.1938769,147.2948406,0.816546117,43060,0.790118555
"867",27858,462.997,266.2565626,193.0813479,0.688682411,46969,0.713093287
"868",66710,867.298,395.1728935,260.525365,0.778924471,67552,0.786969427
"869",44464,754.069,285.5694057,203.7332051,0.734735559,40080,0.799403061
"870",42097,794.738,256.7797907,223.8228032,0.744878198,29230,0.795308621
"871",47521,724.513,304.5076101,192.3641754,0.749691932,44179,0.698163932
"872",73046,1202.051,394.9095341,227.6350497,0.829453339,74004,0.817716508
"873",53364,889.587,344.5404782,174.7553128,0.830489348,51466,0.77026633
"874",33681,819.462,240.9760688,199.1158332,0.78422838,35212,0.715650152
"875",45255,806.515,323.8200123,188.3890266,0.739647724,44786,0.700543406
"876",64389,871.841,383.3597465,220.543644,0.874220736,63757,0.755067116
"877",60500,1085.584,419.1953772,207.5956439,0.897246478,75221,0.601054854
"878",48019,702.816,344.6249404,163.3508134,0.935617492,44075,0.792307548
"879",66314,969.639,396.8417649,190.4685491,0.814202252,68280,0.693949035
"880",51654,1178.784,374.8552166,166.4212074,0.908629822,56022,0.609813127
"881",60643,1238.241,442.6989818,174.0844814,0.87201516,58498,0.665848361
"882",57285,796.735,395.5701157,178.65589,0.88124637,57715,0.789629098
"883",27121,737.138,190.3706617,176.506986,0.676647646,13822,0.827041433
"884",52400,725.832,382.5272719,161.8954377,0.875176907,55602,0.798848431
"885",52147,805.858,364.8336379,159.213891,0.828105593,49094,0.665450204
"886",35317,561.094,260.8463882,156.9464539,0.720649388,33713,0.808631876
"887",53224,759.21,400.1548669,167.9823471,0.9110052,55168,0.60386154
"888",46411,700.865,304.7137443,182.6952749,0.745235855,46781,0.776204183
"889",27853,876.262,232.6752083,150.0169755,0.695485391,31522,0.707622698
"890",41417,1069.337,329.0180575,146.1402251,0.882549843,41282,0.652911514
"891",63584,974.725,398.6626192,222.6658574,0.893274115,64476,0.677460247
"892",53896,1122.359,400.1323585,197.1886692,0.871504752,70583,0.765906948
"893",49015,842.305,302.3081552,195.844758,0.741052885,36034,0.758897231
"894",44029,969.972,311.56831,183.5822171,0.827641531,45402,0.701171948
"895",33084,735.898,212.0578906,139.3337112,0.715049443,30936,0.816600613
"896",26669,463.667,213.0191707,152.3382491,0.721871357,26859,0.765187005
"897",58346,1079.616,375.5282323,220.0681044,0.873353202,44132,0.680620109
"898",50297,833.267,280.3664005,238.15069,0.677243162,52148,0.815624197
"899",56724,820.469,351.1563307,161.8976781,0.836497164,57416,0.710971694
"900",57405,751.129,396.2343477,175.2795164,0.905390634,56186,0.629586467
"901",63817,1046.32,385.2329781,173.585157,0.924389452,50331,0.772586186
"902",74164,1011.938,427.8286911,235.710869,0.849264238,75517,0.766735409
"903",47559,1075.169,343.4108915,169.9214023,0.849033778,48299,0.712510269
"904",45254,667.555,296.3854006,164.323029,0.792102942,39397,0.797211311
"905",49613,859.592,343.548731,186.6567549,0.868894464,50903,0.622143202
"906",80605,911.327,404.7114566,252.673549,0.836399592,67946,0.791343964
"907",29977,494.557,258.6665234,193.2809535,0.657859052,31106,0.806546757
"908",47166,923.017,281.5928298,222.0795162,0.776533988,47435,0.775018706
"909",59601,962.425,414.183615,202.7276538,0.832359171,59975,0.624261566
"910",53592,1073.897,374.6617562,188.572764,0.848630318,71252,0.715975789
"911",54075,836.375,378.3974277,206.2054517,0.810907528,73690,0.66802438
"912",71456,1050.357,370.5152906,229.1136791,0.779274048,70400,0.787063936
"913",54614,1010.065,396.0032056,205.2226054,0.908479585,69191,0.594152455
"914",54119,1158.629,344.3307299,179.4091997,0.783093875,55052,0.803262364
"915",47389,635.387,304.9038749,186.8172482,0.861328687,47821,0.705419693
"916",44010,1016.921,327.2055975,172.6104993,0.903613435,45013,0.680347314
"917",54176,837.116,372.7776503,184.1323691,0.903538627,53315,0.599764922
"918",62155,916.119,411.2220991,195.6143671,0.833250132,78263,0.788196801
"919",59824,1119.488,392.0920997,215.7754087,0.864750901,57307,0.723352139
"920",54925,1174.704,393.3096243,181.321944,0.803816133,53035,0.658380607
"921",43685,1040.818,323.9393792,166.9615023,0.871517242,31136,0.846936352
"922",50246,828.199,403.4663605,155.0635362,0.920034627,46176,0.790870229
"923",52589,1069.223,370.1964698,163.928431,0.860564493,51120,0.652307515
"924",62487,1039.672,443.2226693,168.5081174,0.891260515,61633,0.675956579
"925",53585,971.226,313.5243657,180.11615,0.806710385,50407,0.72622291
"926",72715,854.12,406.2478136,228.2888458,0.871769424,71743,0.812415877
"927",30755,601.864,262.8188533,189.8094294,0.78822621,35690,0.76677145
"928",49808,746.289,297.9129873,184.0938268,0.771563925,47999,0.718402984
"929",57313,908.419,358.6651223,202.0531043,0.905725942,54881,0.795877485
"930",57923,1116.919,346.8244897,186.114737,0.834879221,58882,0.793014043
"931",60242,936.472,363.3036443,186.3394389,0.890173122,58892,0.829524647
"932",56694,1199.69,431.7543138,182.9432893,0.846213211,60917,0.743993379
"933",58491,753.891,369.6456952,169.348518,0.861209469,58047,0.784359115
"934",41010,523.305,260.7094764,164.4261289,0.759962012,34978,0.74497039
"935",79761,1220.404,409.4879851,260.4848453,0.786356284,83582,0.801704743
"936",43443,1064.718,344.4125125,162.2748335,0.869509806,42521,0.663196228
"937",64783,1083.175,435.030755,214.5976223,0.903204486,66398,0.696064395
"938",70002,830.832,375.5711929,232.0693414,0.808048084,72611,0.742137556
"939",51690,833.269,368.0609382,177.5735368,0.912378444,52881,0.688120284
"940",30037,949.098,270.1715582,127.7304047,0.829036585,29082,0.69820425
"941",60857,1154.533,430.4243375,175.291877,0.86048431,60416,0.585630892
"942",55758,873.977,357.3293442,175.2384056,0.828476874,70415,0.632247947
"943",44671,949.59,311.1719693,162.6173396,0.827817645,58997,0.807930667
"944",41916,852.646,263.8181346,159.0073701,0.765967226,42386,0.741182388
"945",58690,1250.334,404.1650836,169.5889433,0.923397923,61090,0.809298636
"946",51258,1079.939,367.9367848,192.6703307,0.893607708,50306,0.698052089
"947",42625,1094.309,344.8226577,166.9270003,0.883881864,45337,0.652114293
"948",55378,943.663,415.9097316,195.0402418,0.913008215,72462,0.8314327
"949",96717,1137.993,449.5842145,247.6210467,0.843793074,97632,0.780557714
"950",54402,898.193,353.2724147,218.7316987,0.848288952,56752,0.722233287
"951",35267,948.621,243.9171931,175.4318213,0.776127216,50854,0.696808438
"952",68420,1246.469,385.2874196,251.993613,0.759429953,84964,0.743134457
"953",24575,761.224,202.1951691,121.2073501,0.693989035,26997,0.716890133
"954",34306,829.553,235.2757996,142.5343294,0.73453854,35579,0.774521074
"955",52792,1179.459,399.4112538,157.4082825,0.903938158,52517,0.72917519
"956",40461,884.691,255.1877364,188.5329339,0.739265569,44364,0.747752051
"957",39782,906.807,300.2884481,174.7181166,0.860584574,42947,0.789635167
"958",51842,1093.98,349.4595438,189.8869353,0.906860487,52752,0.705260326
"959",63490,1128.795,397.2371451,192.4510274,0.867473451,62614,0.633702532
"960",51836,769.465,375.0239337,180.1905275,0.829401374,51675,0.636800731
"961",50404,1004.074,345.6271091,155.5452631,0.833066757,49441,0.809198125
"962",59243,894.87,406.2271154,163.4453838,0.916867075,46409,0.597110196
"963",40484,710.523,279.5129655,202.2988643,0.854117241,41611,0.679097701
"964",33117,628.14,220.9148001,192.1105369,0.713161782,33116,0.655873555
"965",40350,649.665,301.4443698,200.2016414,0.773528482,27969,0.710917246
"966",55140,984.731,389.5155162,193.142026,0.896757198,55720,0.809562973
"967",62175,858.222,392.0084174,167.9364926,0.888641092,61385,0.60068786
"968",37632,786.192,242.1716275,178.6753619,0.697220456,38992,0.775273833
"969",42667,952.336,333.4925826,177.4199857,0.850926847,41058,0.737136537
"970",58756,1058.358,395.1178233,201.1234646,0.872588688,59706,0.623718367
"971",72505,1105.525,406.2887224,254.6595748,0.838053138,72002,0.817531444
"972",63441,1109.388,393.4586098,217.6663488,0.909217931,64892,0.732935743
"973",56861,1054.547,392.7003668,199.5773636,0.871859616,69783,0.569727654
"974",46533,691.6,306.0439596,219.8514594,0.771697798,42813,0.712360236
"975",54604,1169.698,405.0799295,160.0274692,0.927739718,55682,0.804464606
"976",64440,1240.535,431.3267883,178.4645228,0.881884539,50909,0.700063323
"977",49640,844.062,363.3728433,194.2617838,0.836685172,51699,0.66877569
"978",46613,818.96,345.6924561,199.0333843,0.868236471,51960,0.74307966
"979",48037,1146.402,368.4011744,172.7316683,0.861659849,65590,0.635905568
"980",55766,1182.574,392.1621755,192.1356498,0.840150236,55083,0.789547377
"981",55454,1180.897,401.8558821,210.2036901,0.841735848,54773,0.597232074
"982",30473,456.387,264.7529113,139.0436865,0.728140222,30400,0.693065186
